[0.000000] (-) TimerEvent: {}
[0.000191] (my_py_pkg) JobQueued: {'identifier': 'my_py_pkg', 'dependencies': OrderedDict()}
[0.000229] (my_robot_interfaces) JobQueued: {'identifier': 'my_robot_interfaces', 'dependencies': OrderedDict()}
[0.000249] (turtlesim_catch_sim) JobQueued: {'identifier': 'turtlesim_catch_sim', 'dependencies': OrderedDict()}
[0.000291] (my_robot_bringup) JobQueued: {'identifier': 'my_robot_bringup', 'dependencies': OrderedDict([('my_py_pkg', '/home/fog/ros2_ws/install/my_py_pkg')])}
[0.000336] (my_py_pkg) JobStarted: {'identifier': 'my_py_pkg'}
[0.008119] (my_robot_interfaces) JobStarted: {'identifier': 'my_robot_interfaces'}
[0.011521] (turtlesim_catch_sim) JobStarted: {'identifier': 'turtlesim_catch_sim'}
[0.098302] (-) TimerEvent: {}
[0.198702] (-) TimerEvent: {}
[0.275389] (my_robot_interfaces) JobProgress: {'identifier': 'my_robot_interfaces', 'progress': 'cmake'}
[0.275957] (my_robot_interfaces) Command: {'cmd': ['/usr/bin/cmake', '/home/fog/ros2_ws/src/my_robot_interfaces', '-DAMENT_CMAKE_SYMLINK_INSTALL=1', '-DCMAKE_INSTALL_PREFIX=/home/fog/ros2_ws/install/my_robot_interfaces'], 'cwd': '/home/fog/ros2_ws/build/my_robot_interfaces', 'env': OrderedDict([('GJS_DEBUG_TOPICS', 'JS ERROR;JS LOG'), ('LESSOPEN', '| /usr/bin/lesspipe %s'), ('LANGUAGE', 'zh_CN:en'), ('USER', 'fog'), ('LC_TIME', 'zh_CN.UTF-8'), ('XDG_SESSION_TYPE', 'x11'), ('SHLVL', '1'), ('LD_LIBRARY_PATH', '/usr/lib/x86_64-linux-gnu/gazebo-11/plugins:/opt/ros/humble/opt/rviz_ogre_vendor/lib:/opt/ros/humble/lib/x86_64-linux-gnu:/opt/ros/humble/lib:/usr/share/gazebo/../../lib/x86_64-linux-gnu/gazebo-11/plugins:'), ('HOME', '/home/fog'), ('OLDPWD', '/home/fog'), ('DESKTOP_SESSION', 'ubuntu'), ('GIO_LAUNCHED_DESKTOP_FILE', '/usr/share/applications/terminator.desktop'), ('GAZEBO_MASTER_URI', 'http://localhost:11345'), ('ROS_PYTHON_VERSION', '3'), ('GNOME_SHELL_SESSION_MODE', 'ubuntu'), ('GTK_MODULES', 'gail:atk-bridge'), ('LC_MONETARY', 'zh_CN.UTF-8'), ('MANAGERPID', '1258'), ('SYSTEMD_EXEC_PID', '1404'), ('DBUS_SESSION_BUS_ADDRESS', 'unix:path=/run/user/1000/bus'), ('COLORTERM', 'truecolor'), ('TERMINATOR_DBUS_NAME', 'net.tenshu.Terminator25ef4b219e3b005583550f2b0f9f990c3'), ('GIO_LAUNCHED_DESKTOP_FILE_PID', '26334'), ('IM_CONFIG_PHASE', '1'), ('WAYLAND_DISPLAY', 'wayland-0'), ('ROS_DISTRO', 'humble'), ('LOGNAME', 'fog'), ('JOURNAL_STREAM', '8:23341'), ('_', '/usr/bin/colcon'), ('ROS_VERSION', '2'), ('XDG_SESSION_CLASS', 'user'), ('USERNAME', 'fog'), ('TERM', 'xterm-256color'), ('GAZEBO_MODEL_PATH', '/usr/share/gazebo/../../share/gazebo-11/models::/opt/ros/humble/share/turtlebot3_gazebo/models'), ('GNOME_DESKTOP_SESSION_ID', 'this-is-deprecated'), ('ROS_LOCALHOST_ONLY', '0'), ('OGRE_RESOURCE_PATH', '/usr/lib/x86_64-linux-gnu/OGRE-1.9.0'), ('PATH', '/opt/ros/humble/bin:/usr/local/sbin:/usr/local/bin:/usr/sbin:/usr/bin:/sbin:/bin:/usr/games:/usr/local/games:/snap/bin:/snap/bin'), ('SESSION_MANAGER', 'local/fog:@/tmp/.ICE-unix/1371,unix/fog:/tmp/.ICE-unix/1371'), ('INVOCATION_ID', '304372798fba4ccabd80b8e4596a5595'), ('PAPERSIZE', 'a4'), ('XDG_MENU_PREFIX', 'gnome-'), ('LC_ADDRESS', 'zh_CN.UTF-8'), ('GNOME_SETUP_DISPLAY', ':1'), ('XDG_RUNTIME_DIR', '/run/user/1000'), ('DISPLAY', ':0'), ('TERMINATOR_DBUS_PATH', '/net/tenshu/Terminator2'), ('LANG', 'zh_CN.UTF-8'), ('XDG_CURRENT_DESKTOP', 'ubuntu:GNOME'), ('IBUS_DISABLE_SNOOPER', '1'), ('LC_TELEPHONE', 'zh_CN.UTF-8'), ('XMODIFIERS', '@im=ibus'), ('XDG_SESSION_DESKTOP', 'ubuntu'), ('XAUTHORITY', '/run/user/1000/.mutter-Xwaylandauth.A0F5N3'), ('LS_COLORS', 'rs=0:di=01;34:ln=01;36:mh=00:pi=40;33:so=01;35:do=01;35:bd=40;33;01:cd=40;33;01:or=40;31;01:mi=00:su=37;41:sg=30;43:ca=30;41:tw=30;42:ow=34;42:st=37;44:ex=01;32:*.tar=01;31:*.tgz=01;31:*.arc=01;31:*.arj=01;31:*.taz=01;31:*.lha=01;31:*.lz4=01;31:*.lzh=01;31:*.lzma=01;31:*.tlz=01;31:*.txz=01;31:*.tzo=01;31:*.t7z=01;31:*.zip=01;31:*.z=01;31:*.dz=01;31:*.gz=01;31:*.lrz=01;31:*.lz=01;31:*.lzo=01;31:*.xz=01;31:*.zst=01;31:*.tzst=01;31:*.bz2=01;31:*.bz=01;31:*.tbz=01;31:*.tbz2=01;31:*.tz=01;31:*.deb=01;31:*.rpm=01;31:*.jar=01;31:*.war=01;31:*.ear=01;31:*.sar=01;31:*.rar=01;31:*.alz=01;31:*.ace=01;31:*.zoo=01;31:*.cpio=01;31:*.7z=01;31:*.rz=01;31:*.cab=01;31:*.wim=01;31:*.swm=01;31:*.dwm=01;31:*.esd=01;31:*.jpg=01;35:*.jpeg=01;35:*.mjpg=01;35:*.mjpeg=01;35:*.gif=01;35:*.bmp=01;35:*.pbm=01;35:*.pgm=01;35:*.ppm=01;35:*.tga=01;35:*.xbm=01;35:*.xpm=01;35:*.tif=01;35:*.tiff=01;35:*.png=01;35:*.svg=01;35:*.svgz=01;35:*.mng=01;35:*.pcx=01;35:*.mov=01;35:*.mpg=01;35:*.mpeg=01;35:*.m2v=01;35:*.mkv=01;35:*.webm=01;35:*.webp=01;35:*.ogm=01;35:*.mp4=01;35:*.m4v=01;35:*.mp4v=01;35:*.vob=01;35:*.qt=01;35:*.nuv=01;35:*.wmv=01;35:*.asf=01;35:*.rm=01;35:*.rmvb=01;35:*.flc=01;35:*.avi=01;35:*.fli=01;35:*.flv=01;35:*.gl=01;35:*.dl=01;35:*.xcf=01;35:*.xwd=01;35:*.yuv=01;35:*.cgm=01;35:*.emf=01;35:*.ogv=01;35:*.ogx=01;35:*.aac=00;36:*.au=00;36:*.flac=00;36:*.m4a=00;36:*.mid=00;36:*.midi=00;36:*.mka=00;36:*.mp3=00;36:*.mpc=00;36:*.ogg=00;36:*.ra=00;36:*.wav=00;36:*.oga=00;36:*.opus=00;36:*.spx=00;36:*.xspf=00;36:'), ('SSH_AGENT_LAUNCHER', 'gnome-keyring'), ('SSH_AUTH_SOCK', '/run/user/1000/keyring/ssh'), ('AMENT_PREFIX_PATH', '/opt/ros/humble'), ('SHELL', '/bin/bash'), ('LC_NAME', 'zh_CN.UTF-8'), ('TERMINATOR_UUID', 'urn:uuid:efce3c67-47cc-4704-9d69-3c5d2cc2e916'), ('QT_ACCESSIBILITY', '1'), ('GDMSESSION', 'ubuntu'), ('LESSCLOSE', '/usr/bin/lesspipe %s %s'), ('LC_MEASUREMENT', 'zh_CN.UTF-8'), ('GAZEBO_RESOURCE_PATH', '/usr/share/gazebo/../../share/gazebo-11:'), ('GJS_DEBUG_OUTPUT', 'stderr'), ('LC_IDENTIFICATION', 'zh_CN.UTF-8'), ('GAZEBO_MODEL_DATABASE_URI', 'http://models.gazebosim.org'), ('QT_IM_MODULE', 'ibus'), ('PWD', '/home/fog/ros2_ws/build/my_robot_interfaces'), ('QT_QPA_PLATFORM', 'xcb'), ('TURTLEBOT3_MODEL', 'burger'), ('XDG_CONFIG_DIRS', '/etc/xdg/xdg-ubuntu:/etc/xdg'), ('GAZEBO_PLUGIN_PATH', '/usr/share/gazebo/../../lib/x86_64-linux-gnu/gazebo-11/plugins:'), ('XDG_DATA_DIRS', '/usr/share/ubuntu:/usr/local/share/:/usr/share/:/var/lib/snapd/desktop'), ('PYTHONPATH', '/opt/ros/humble/lib/python3.10/site-packages:/opt/ros/humble/local/lib/python3.10/dist-packages'), ('LC_NUMERIC', 'zh_CN.UTF-8'), ('LC_PAPER', 'zh_CN.UTF-8'), ('COLCON', '1'), ('VTE_VERSION', '6800'), ('CMAKE_PREFIX_PATH', '/opt/ros/humble')]), 'shell': False}
[0.298862] (-) TimerEvent: {}
[0.388528] (my_robot_interfaces) StdoutLine: {'line': b'-- The C compiler identification is GNU 11.4.0\n'}
[0.399122] (-) TimerEvent: {}
[0.466612] (my_robot_interfaces) StdoutLine: {'line': b'-- The CXX compiler identification is GNU 11.4.0\n'}
[0.481504] (my_robot_interfaces) StdoutLine: {'line': b'-- Detecting C compiler ABI info\n'}
[0.499390] (-) TimerEvent: {}
[0.579120] (my_robot_interfaces) StdoutLine: {'line': b'-- Detecting C compiler ABI info - done\n'}
[0.585655] (my_robot_interfaces) StdoutLine: {'line': b'-- Check for working C compiler: /usr/bin/cc - skipped\n'}
[0.587615] (my_robot_interfaces) StdoutLine: {'line': b'-- Detecting C compile features\n'}
[0.589186] (my_robot_interfaces) StdoutLine: {'line': b'-- Detecting C compile features - done\n'}
[0.592676] (my_robot_interfaces) StdoutLine: {'line': b'-- Detecting CXX compiler ABI info\n'}
[0.600114] (-) TimerEvent: {}
[0.700512] (-) TimerEvent: {}
[0.704546] (my_robot_interfaces) StdoutLine: {'line': b'-- Detecting CXX compiler ABI info - done\n'}
[0.711247] (my_robot_interfaces) StdoutLine: {'line': b'-- Check for working CXX compiler: /usr/bin/c++ - skipped\n'}
[0.711501] (my_robot_interfaces) StdoutLine: {'line': b'-- Detecting CXX compile features\n'}
[0.712490] (my_robot_interfaces) StdoutLine: {'line': b'-- Detecting CXX compile features - done\n'}
[0.735492] (my_robot_interfaces) StdoutLine: {'line': b'-- Found ament_cmake: 1.3.14 (/opt/ros/humble/share/ament_cmake/cmake)\n'}
[0.800704] (-) TimerEvent: {}
[0.876664] (turtlesim_catch_sim) Command: {'cmd': ['/usr/bin/python3', '-W', 'ignore:setup.py install is deprecated', '-W', 'ignore:easy_install command is deprecated', 'setup.py', 'develop', '--editable', '--build-directory', '/home/fog/ros2_ws/build/turtlesim_catch_sim/build', '--no-deps', 'symlink_data'], 'cwd': '/home/fog/ros2_ws/build/turtlesim_catch_sim', 'env': {'GJS_DEBUG_TOPICS': 'JS ERROR;JS LOG', 'LESSOPEN': '| /usr/bin/lesspipe %s', 'LANGUAGE': 'zh_CN:en', 'USER': 'fog', 'LC_TIME': 'zh_CN.UTF-8', 'XDG_SESSION_TYPE': 'x11', 'SHLVL': '1', 'LD_LIBRARY_PATH': '/usr/lib/x86_64-linux-gnu/gazebo-11/plugins:/opt/ros/humble/opt/rviz_ogre_vendor/lib:/opt/ros/humble/lib/x86_64-linux-gnu:/opt/ros/humble/lib:/usr/share/gazebo/../../lib/x86_64-linux-gnu/gazebo-11/plugins:', 'HOME': '/home/fog', 'OLDPWD': '/home/fog', 'DESKTOP_SESSION': 'ubuntu', 'GIO_LAUNCHED_DESKTOP_FILE': '/usr/share/applications/terminator.desktop', 'GAZEBO_MASTER_URI': 'http://localhost:11345', 'ROS_PYTHON_VERSION': '3', 'GNOME_SHELL_SESSION_MODE': 'ubuntu', 'GTK_MODULES': 'gail:atk-bridge', 'LC_MONETARY': 'zh_CN.UTF-8', 'MANAGERPID': '1258', 'SYSTEMD_EXEC_PID': '1404', 'DBUS_SESSION_BUS_ADDRESS': 'unix:path=/run/user/1000/bus', 'COLORTERM': 'truecolor', 'TERMINATOR_DBUS_NAME': 'net.tenshu.Terminator25ef4b219e3b005583550f2b0f9f990c3', 'GIO_LAUNCHED_DESKTOP_FILE_PID': '26334', 'IM_CONFIG_PHASE': '1', 'WAYLAND_DISPLAY': 'wayland-0', 'ROS_DISTRO': 'humble', 'LOGNAME': 'fog', 'JOURNAL_STREAM': '8:23341', '_': '/usr/bin/colcon', 'ROS_VERSION': '2', 'XDG_SESSION_CLASS': 'user', 'USERNAME': 'fog', 'TERM': 'xterm-256color', 'GAZEBO_MODEL_PATH': '/usr/share/gazebo/../../share/gazebo-11/models::/opt/ros/humble/share/turtlebot3_gazebo/models', 'GNOME_DESKTOP_SESSION_ID': 'this-is-deprecated', 'ROS_LOCALHOST_ONLY': '0', 'OGRE_RESOURCE_PATH': '/usr/lib/x86_64-linux-gnu/OGRE-1.9.0', 'PATH': '/opt/ros/humble/bin:/usr/local/sbin:/usr/local/bin:/usr/sbin:/usr/bin:/sbin:/bin:/usr/games:/usr/local/games:/snap/bin:/snap/bin', 'SESSION_MANAGER': 'local/fog:@/tmp/.ICE-unix/1371,unix/fog:/tmp/.ICE-unix/1371', 'INVOCATION_ID': '304372798fba4ccabd80b8e4596a5595', 'PAPERSIZE': 'a4', 'XDG_MENU_PREFIX': 'gnome-', 'LC_ADDRESS': 'zh_CN.UTF-8', 'GNOME_SETUP_DISPLAY': ':1', 'XDG_RUNTIME_DIR': '/run/user/1000', 'DISPLAY': ':0', 'TERMINATOR_DBUS_PATH': '/net/tenshu/Terminator2', 'LANG': 'zh_CN.UTF-8', 'XDG_CURRENT_DESKTOP': 'ubuntu:GNOME', 'IBUS_DISABLE_SNOOPER': '1', 'LC_TELEPHONE': 'zh_CN.UTF-8', 'XMODIFIERS': '@im=ibus', 'XDG_SESSION_DESKTOP': 'ubuntu', 'XAUTHORITY': '/run/user/1000/.mutter-Xwaylandauth.A0F5N3', 'LS_COLORS': 'rs=0:di=01;34:ln=01;36:mh=00:pi=40;33:so=01;35:do=01;35:bd=40;33;01:cd=40;33;01:or=40;31;01:mi=00:su=37;41:sg=30;43:ca=30;41:tw=30;42:ow=34;42:st=37;44:ex=01;32:*.tar=01;31:*.tgz=01;31:*.arc=01;31:*.arj=01;31:*.taz=01;31:*.lha=01;31:*.lz4=01;31:*.lzh=01;31:*.lzma=01;31:*.tlz=01;31:*.txz=01;31:*.tzo=01;31:*.t7z=01;31:*.zip=01;31:*.z=01;31:*.dz=01;31:*.gz=01;31:*.lrz=01;31:*.lz=01;31:*.lzo=01;31:*.xz=01;31:*.zst=01;31:*.tzst=01;31:*.bz2=01;31:*.bz=01;31:*.tbz=01;31:*.tbz2=01;31:*.tz=01;31:*.deb=01;31:*.rpm=01;31:*.jar=01;31:*.war=01;31:*.ear=01;31:*.sar=01;31:*.rar=01;31:*.alz=01;31:*.ace=01;31:*.zoo=01;31:*.cpio=01;31:*.7z=01;31:*.rz=01;31:*.cab=01;31:*.wim=01;31:*.swm=01;31:*.dwm=01;31:*.esd=01;31:*.jpg=01;35:*.jpeg=01;35:*.mjpg=01;35:*.mjpeg=01;35:*.gif=01;35:*.bmp=01;35:*.pbm=01;35:*.pgm=01;35:*.ppm=01;35:*.tga=01;35:*.xbm=01;35:*.xpm=01;35:*.tif=01;35:*.tiff=01;35:*.png=01;35:*.svg=01;35:*.svgz=01;35:*.mng=01;35:*.pcx=01;35:*.mov=01;35:*.mpg=01;35:*.mpeg=01;35:*.m2v=01;35:*.mkv=01;35:*.webm=01;35:*.webp=01;35:*.ogm=01;35:*.mp4=01;35:*.m4v=01;35:*.mp4v=01;35:*.vob=01;35:*.qt=01;35:*.nuv=01;35:*.wmv=01;35:*.asf=01;35:*.rm=01;35:*.rmvb=01;35:*.flc=01;35:*.avi=01;35:*.fli=01;35:*.flv=01;35:*.gl=01;35:*.dl=01;35:*.xcf=01;35:*.xwd=01;35:*.yuv=01;35:*.cgm=01;35:*.emf=01;35:*.ogv=01;35:*.ogx=01;35:*.aac=00;36:*.au=00;36:*.flac=00;36:*.m4a=00;36:*.mid=00;36:*.midi=00;36:*.mka=00;36:*.mp3=00;36:*.mpc=00;36:*.ogg=00;36:*.ra=00;36:*.wav=00;36:*.oga=00;36:*.opus=00;36:*.spx=00;36:*.xspf=00;36:', 'SSH_AGENT_LAUNCHER': 'gnome-keyring', 'SSH_AUTH_SOCK': '/run/user/1000/keyring/ssh', 'AMENT_PREFIX_PATH': '/opt/ros/humble', 'SHELL': '/bin/bash', 'LC_NAME': 'zh_CN.UTF-8', 'TERMINATOR_UUID': 'urn:uuid:efce3c67-47cc-4704-9d69-3c5d2cc2e916', 'QT_ACCESSIBILITY': '1', 'GDMSESSION': 'ubuntu', 'LESSCLOSE': '/usr/bin/lesspipe %s %s', 'LC_MEASUREMENT': 'zh_CN.UTF-8', 'GAZEBO_RESOURCE_PATH': '/usr/share/gazebo/../../share/gazebo-11:', 'GJS_DEBUG_OUTPUT': 'stderr', 'LC_IDENTIFICATION': 'zh_CN.UTF-8', 'GAZEBO_MODEL_DATABASE_URI': 'http://models.gazebosim.org', 'QT_IM_MODULE': 'ibus', 'PWD': '/home/fog/ros2_ws/build/turtlesim_catch_sim', 'QT_QPA_PLATFORM': 'xcb', 'TURTLEBOT3_MODEL': 'burger', 'XDG_CONFIG_DIRS': '/etc/xdg/xdg-ubuntu:/etc/xdg', 'GAZEBO_PLUGIN_PATH': '/usr/share/gazebo/../../lib/x86_64-linux-gnu/gazebo-11/plugins:', 'XDG_DATA_DIRS': '/usr/share/ubuntu:/usr/local/share/:/usr/share/:/var/lib/snapd/desktop', 'PYTHONPATH': '/home/fog/ros2_ws/build/turtlesim_catch_sim/prefix_override:/usr/lib/python3/dist-packages/colcon_core/task/python/colcon_distutils_commands:/home/fog/ros2_ws/install/turtlesim_catch_sim/lib/python3.10/site-packages:/opt/ros/humble/lib/python3.10/site-packages:/opt/ros/humble/local/lib/python3.10/dist-packages', 'LC_NUMERIC': 'zh_CN.UTF-8', 'LC_PAPER': 'zh_CN.UTF-8', 'COLCON': '1', 'VTE_VERSION': '6800'}, 'shell': False}
[0.878796] (my_py_pkg) Command: {'cmd': ['/usr/bin/python3', '-W', 'ignore:setup.py install is deprecated', '-W', 'ignore:easy_install command is deprecated', 'setup.py', 'develop', '--editable', '--build-directory', '/home/fog/ros2_ws/build/my_py_pkg/build', '--no-deps', 'symlink_data'], 'cwd': '/home/fog/ros2_ws/build/my_py_pkg', 'env': {'GJS_DEBUG_TOPICS': 'JS ERROR;JS LOG', 'LESSOPEN': '| /usr/bin/lesspipe %s', 'LANGUAGE': 'zh_CN:en', 'USER': 'fog', 'LC_TIME': 'zh_CN.UTF-8', 'XDG_SESSION_TYPE': 'x11', 'SHLVL': '1', 'LD_LIBRARY_PATH': '/usr/lib/x86_64-linux-gnu/gazebo-11/plugins:/opt/ros/humble/opt/rviz_ogre_vendor/lib:/opt/ros/humble/lib/x86_64-linux-gnu:/opt/ros/humble/lib:/usr/share/gazebo/../../lib/x86_64-linux-gnu/gazebo-11/plugins:', 'HOME': '/home/fog', 'OLDPWD': '/home/fog', 'DESKTOP_SESSION': 'ubuntu', 'GIO_LAUNCHED_DESKTOP_FILE': '/usr/share/applications/terminator.desktop', 'GAZEBO_MASTER_URI': 'http://localhost:11345', 'ROS_PYTHON_VERSION': '3', 'GNOME_SHELL_SESSION_MODE': 'ubuntu', 'GTK_MODULES': 'gail:atk-bridge', 'LC_MONETARY': 'zh_CN.UTF-8', 'MANAGERPID': '1258', 'SYSTEMD_EXEC_PID': '1404', 'DBUS_SESSION_BUS_ADDRESS': 'unix:path=/run/user/1000/bus', 'COLORTERM': 'truecolor', 'TERMINATOR_DBUS_NAME': 'net.tenshu.Terminator25ef4b219e3b005583550f2b0f9f990c3', 'GIO_LAUNCHED_DESKTOP_FILE_PID': '26334', 'IM_CONFIG_PHASE': '1', 'WAYLAND_DISPLAY': 'wayland-0', 'ROS_DISTRO': 'humble', 'LOGNAME': 'fog', 'JOURNAL_STREAM': '8:23341', '_': '/usr/bin/colcon', 'ROS_VERSION': '2', 'XDG_SESSION_CLASS': 'user', 'USERNAME': 'fog', 'TERM': 'xterm-256color', 'GAZEBO_MODEL_PATH': '/usr/share/gazebo/../../share/gazebo-11/models::/opt/ros/humble/share/turtlebot3_gazebo/models', 'GNOME_DESKTOP_SESSION_ID': 'this-is-deprecated', 'ROS_LOCALHOST_ONLY': '0', 'OGRE_RESOURCE_PATH': '/usr/lib/x86_64-linux-gnu/OGRE-1.9.0', 'PATH': '/opt/ros/humble/bin:/usr/local/sbin:/usr/local/bin:/usr/sbin:/usr/bin:/sbin:/bin:/usr/games:/usr/local/games:/snap/bin:/snap/bin', 'SESSION_MANAGER': 'local/fog:@/tmp/.ICE-unix/1371,unix/fog:/tmp/.ICE-unix/1371', 'INVOCATION_ID': '304372798fba4ccabd80b8e4596a5595', 'PAPERSIZE': 'a4', 'XDG_MENU_PREFIX': 'gnome-', 'LC_ADDRESS': 'zh_CN.UTF-8', 'GNOME_SETUP_DISPLAY': ':1', 'XDG_RUNTIME_DIR': '/run/user/1000', 'DISPLAY': ':0', 'TERMINATOR_DBUS_PATH': '/net/tenshu/Terminator2', 'LANG': 'zh_CN.UTF-8', 'XDG_CURRENT_DESKTOP': 'ubuntu:GNOME', 'IBUS_DISABLE_SNOOPER': '1', 'LC_TELEPHONE': 'zh_CN.UTF-8', 'XMODIFIERS': '@im=ibus', 'XDG_SESSION_DESKTOP': 'ubuntu', 'XAUTHORITY': '/run/user/1000/.mutter-Xwaylandauth.A0F5N3', 'LS_COLORS': 'rs=0:di=01;34:ln=01;36:mh=00:pi=40;33:so=01;35:do=01;35:bd=40;33;01:cd=40;33;01:or=40;31;01:mi=00:su=37;41:sg=30;43:ca=30;41:tw=30;42:ow=34;42:st=37;44:ex=01;32:*.tar=01;31:*.tgz=01;31:*.arc=01;31:*.arj=01;31:*.taz=01;31:*.lha=01;31:*.lz4=01;31:*.lzh=01;31:*.lzma=01;31:*.tlz=01;31:*.txz=01;31:*.tzo=01;31:*.t7z=01;31:*.zip=01;31:*.z=01;31:*.dz=01;31:*.gz=01;31:*.lrz=01;31:*.lz=01;31:*.lzo=01;31:*.xz=01;31:*.zst=01;31:*.tzst=01;31:*.bz2=01;31:*.bz=01;31:*.tbz=01;31:*.tbz2=01;31:*.tz=01;31:*.deb=01;31:*.rpm=01;31:*.jar=01;31:*.war=01;31:*.ear=01;31:*.sar=01;31:*.rar=01;31:*.alz=01;31:*.ace=01;31:*.zoo=01;31:*.cpio=01;31:*.7z=01;31:*.rz=01;31:*.cab=01;31:*.wim=01;31:*.swm=01;31:*.dwm=01;31:*.esd=01;31:*.jpg=01;35:*.jpeg=01;35:*.mjpg=01;35:*.mjpeg=01;35:*.gif=01;35:*.bmp=01;35:*.pbm=01;35:*.pgm=01;35:*.ppm=01;35:*.tga=01;35:*.xbm=01;35:*.xpm=01;35:*.tif=01;35:*.tiff=01;35:*.png=01;35:*.svg=01;35:*.svgz=01;35:*.mng=01;35:*.pcx=01;35:*.mov=01;35:*.mpg=01;35:*.mpeg=01;35:*.m2v=01;35:*.mkv=01;35:*.webm=01;35:*.webp=01;35:*.ogm=01;35:*.mp4=01;35:*.m4v=01;35:*.mp4v=01;35:*.vob=01;35:*.qt=01;35:*.nuv=01;35:*.wmv=01;35:*.asf=01;35:*.rm=01;35:*.rmvb=01;35:*.flc=01;35:*.avi=01;35:*.fli=01;35:*.flv=01;35:*.gl=01;35:*.dl=01;35:*.xcf=01;35:*.xwd=01;35:*.yuv=01;35:*.cgm=01;35:*.emf=01;35:*.ogv=01;35:*.ogx=01;35:*.aac=00;36:*.au=00;36:*.flac=00;36:*.m4a=00;36:*.mid=00;36:*.midi=00;36:*.mka=00;36:*.mp3=00;36:*.mpc=00;36:*.ogg=00;36:*.ra=00;36:*.wav=00;36:*.oga=00;36:*.opus=00;36:*.spx=00;36:*.xspf=00;36:', 'SSH_AGENT_LAUNCHER': 'gnome-keyring', 'SSH_AUTH_SOCK': '/run/user/1000/keyring/ssh', 'AMENT_PREFIX_PATH': '/opt/ros/humble', 'SHELL': '/bin/bash', 'LC_NAME': 'zh_CN.UTF-8', 'TERMINATOR_UUID': 'urn:uuid:efce3c67-47cc-4704-9d69-3c5d2cc2e916', 'QT_ACCESSIBILITY': '1', 'GDMSESSION': 'ubuntu', 'LESSCLOSE': '/usr/bin/lesspipe %s %s', 'LC_MEASUREMENT': 'zh_CN.UTF-8', 'GAZEBO_RESOURCE_PATH': '/usr/share/gazebo/../../share/gazebo-11:', 'GJS_DEBUG_OUTPUT': 'stderr', 'LC_IDENTIFICATION': 'zh_CN.UTF-8', 'GAZEBO_MODEL_DATABASE_URI': 'http://models.gazebosim.org', 'QT_IM_MODULE': 'ibus', 'PWD': '/home/fog/ros2_ws/build/my_py_pkg', 'QT_QPA_PLATFORM': 'xcb', 'TURTLEBOT3_MODEL': 'burger', 'XDG_CONFIG_DIRS': '/etc/xdg/xdg-ubuntu:/etc/xdg', 'GAZEBO_PLUGIN_PATH': '/usr/share/gazebo/../../lib/x86_64-linux-gnu/gazebo-11/plugins:', 'XDG_DATA_DIRS': '/usr/share/ubuntu:/usr/local/share/:/usr/share/:/var/lib/snapd/desktop', 'PYTHONPATH': '/home/fog/ros2_ws/build/my_py_pkg/prefix_override:/usr/lib/python3/dist-packages/colcon_core/task/python/colcon_distutils_commands:/home/fog/ros2_ws/install/my_py_pkg/lib/python3.10/site-packages:/opt/ros/humble/lib/python3.10/site-packages:/opt/ros/humble/local/lib/python3.10/dist-packages', 'LC_NUMERIC': 'zh_CN.UTF-8', 'LC_PAPER': 'zh_CN.UTF-8', 'COLCON': '1', 'VTE_VERSION': '6800'}, 'shell': False}
[0.894841] (my_robot_interfaces) StdoutLine: {'line': b'-- Found Python3: /usr/bin/python3 (found version "3.10.12") found components: Interpreter \n'}
[0.900852] (-) TimerEvent: {}
[0.960403] (my_robot_interfaces) StdoutLine: {'line': b'-- Override CMake install command with custom implementation using symlinks instead of copying resources\n'}
[0.992089] (my_robot_interfaces) StdoutLine: {'line': b'-- Found rosidl_default_generators: 1.2.1 (/opt/ros/humble/share/rosidl_default_generators/cmake)\n'}
[0.994947] (my_robot_interfaces) StdoutLine: {'line': b'-- Using all available rosidl_typesupport_c: rosidl_typesupport_fastrtps_c;rosidl_typesupport_introspection_c\n'}
[1.001445] (-) TimerEvent: {}
[1.004121] (my_robot_interfaces) StdoutLine: {'line': b'-- Found rosidl_adapter: 3.1.8 (/opt/ros/humble/share/rosidl_adapter/cmake)\n'}
[1.047319] (my_robot_interfaces) StdoutLine: {'line': b'-- Using all available rosidl_typesupport_cpp: rosidl_typesupport_fastrtps_cpp;rosidl_typesupport_introspection_cpp\n'}
[1.102049] (-) TimerEvent: {}
[1.125218] (turtlesim_catch_sim) StdoutLine: {'line': b'running develop\n'}
[1.127512] (my_py_pkg) StdoutLine: {'line': b'running develop\n'}
[1.202416] (-) TimerEvent: {}
[1.279019] (my_py_pkg) StdoutLine: {'line': b'running egg_info\n'}
[1.279275] (my_py_pkg) StdoutLine: {'line': b'creating my_py_pkg.egg-info\n'}
[1.279406] (my_py_pkg) StdoutLine: {'line': b'writing my_py_pkg.egg-info/PKG-INFO\n'}
[1.279667] (my_py_pkg) StdoutLine: {'line': b'writing dependency_links to my_py_pkg.egg-info/dependency_links.txt\n'}
[1.279776] (my_py_pkg) StdoutLine: {'line': b'writing entry points to my_py_pkg.egg-info/entry_points.txt\n'}
[1.279832] (my_py_pkg) StdoutLine: {'line': b'writing requirements to my_py_pkg.egg-info/requires.txt\n'}
[1.279893] (my_py_pkg) StdoutLine: {'line': b'writing top-level names to my_py_pkg.egg-info/top_level.txt\n'}
[1.279944] (my_py_pkg) StdoutLine: {'line': b"writing manifest file 'my_py_pkg.egg-info/SOURCES.txt'\n"}
[1.281417] (my_py_pkg) StdoutLine: {'line': b"reading manifest file 'my_py_pkg.egg-info/SOURCES.txt'\n"}
[1.281698] (my_py_pkg) StdoutLine: {'line': b"writing manifest file 'my_py_pkg.egg-info/SOURCES.txt'\n"}
[1.282125] (turtlesim_catch_sim) StdoutLine: {'line': b'running egg_info\n'}
[1.282282] (turtlesim_catch_sim) StdoutLine: {'line': b'creating turtlesim_catch_sim.egg-info\n'}
[1.282381] (turtlesim_catch_sim) StdoutLine: {'line': b'writing turtlesim_catch_sim.egg-info/PKG-INFO\n'}
[1.282574] (turtlesim_catch_sim) StdoutLine: {'line': b'writing dependency_links to turtlesim_catch_sim.egg-info/dependency_links.txt\n'}
[1.282863] (turtlesim_catch_sim) StdoutLine: {'line': b'writing entry points to turtlesim_catch_sim.egg-info/entry_points.txt\n'}
[1.282945] (turtlesim_catch_sim) StdoutLine: {'line': b'writing requirements to turtlesim_catch_sim.egg-info/requires.txt\n'}
[1.283001] (turtlesim_catch_sim) StdoutLine: {'line': b'writing top-level names to turtlesim_catch_sim.egg-info/top_level.txt\n'}
[1.283153] (turtlesim_catch_sim) StdoutLine: {'line': b"writing manifest file 'turtlesim_catch_sim.egg-info/SOURCES.txt'\n"}
[1.283431] (my_py_pkg) StdoutLine: {'line': b'running build_ext\n'}
[1.283571] (my_py_pkg) StdoutLine: {'line': b'Creating /home/fog/ros2_ws/install/my_py_pkg/lib/python3.10/site-packages/my-py-pkg.egg-link (link to .)\n'}
[1.284446] (my_py_pkg) StdoutLine: {'line': b'Installing add_three_ints_server script to /home/fog/ros2_ws/install/my_py_pkg/lib/my_py_pkg\n'}
[1.284746] (my_py_pkg) StdoutLine: {'line': b'Installing add_two_ints_client script to /home/fog/ros2_ws/install/my_py_pkg/lib/my_py_pkg\n'}
[1.284937] (my_py_pkg) StdoutLine: {'line': b'Installing add_two_ints_server script to /home/fog/ros2_ws/install/my_py_pkg/lib/my_py_pkg\n'}
[1.285095] (my_py_pkg) StdoutLine: {'line': b'Installing number_count script to /home/fog/ros2_ws/install/my_py_pkg/lib/my_py_pkg\n'}
[1.285271] (my_py_pkg) StdoutLine: {'line': b'Installing number_pub script to /home/fog/ros2_ws/install/my_py_pkg/lib/my_py_pkg\n'}
[1.285376] (my_py_pkg) StdoutLine: {'line': b'Installing robot_pub script to /home/fog/ros2_ws/install/my_py_pkg/lib/my_py_pkg\n'}
[1.285466] (my_py_pkg) StdoutLine: {'line': b'Installing robot_sub script to /home/fog/ros2_ws/install/my_py_pkg/lib/my_py_pkg\n'}
[1.285524] (turtlesim_catch_sim) StdoutLine: {'line': b"reading manifest file 'turtlesim_catch_sim.egg-info/SOURCES.txt'\n"}
[1.285618] (my_py_pkg) StdoutLine: {'line': b'Installing weather_show_pub script to /home/fog/ros2_ws/install/my_py_pkg/lib/my_py_pkg\n'}
[1.285673] (my_py_pkg) StdoutLine: {'line': b'\n'}
[1.285726] (my_py_pkg) StdoutLine: {'line': b'Installed /home/fog/ros2_ws/build/my_py_pkg\n'}
[1.285778] (my_py_pkg) StdoutLine: {'line': b'running symlink_data\n'}
[1.285831] (my_py_pkg) StdoutLine: {'line': b'creating /home/fog/ros2_ws/install/my_py_pkg/share/ament_index\n'}
[1.285882] (my_py_pkg) StdoutLine: {'line': b'creating /home/fog/ros2_ws/install/my_py_pkg/share/ament_index/resource_index\n'}
[1.285933] (turtlesim_catch_sim) StdoutLine: {'line': b"writing manifest file 'turtlesim_catch_sim.egg-info/SOURCES.txt'\n"}
[1.286326] (my_py_pkg) StdoutLine: {'line': b'creating /home/fog/ros2_ws/install/my_py_pkg/share/ament_index/resource_index/packages\n'}
[1.286510] (my_py_pkg) StdoutLine: {'line': b'symbolically linking /home/fog/ros2_ws/build/my_py_pkg/resource/my_py_pkg -> /home/fog/ros2_ws/install/my_py_pkg/share/ament_index/resource_index/packages\n'}
[1.286571] (my_py_pkg) StdoutLine: {'line': b'symbolically linking /home/fog/ros2_ws/build/my_py_pkg/package.xml -> /home/fog/ros2_ws/install/my_py_pkg/share/my_py_pkg\n'}
[1.286625] (turtlesim_catch_sim) StdoutLine: {'line': b'running build_ext\n'}
[1.286682] (turtlesim_catch_sim) StdoutLine: {'line': b'Creating /home/fog/ros2_ws/install/turtlesim_catch_sim/lib/python3.10/site-packages/turtlesim-catch-sim.egg-link (link to .)\n'}
[1.287253] (turtlesim_catch_sim) StdoutLine: {'line': b'Installing turtle_controller_node script to /home/fog/ros2_ws/install/turtlesim_catch_sim/lib/turtlesim_catch_sim\n'}
[1.287371] (turtlesim_catch_sim) StdoutLine: {'line': b'Installing turtle_spawner_node script to /home/fog/ros2_ws/install/turtlesim_catch_sim/lib/turtlesim_catch_sim\n'}
[1.287738] (turtlesim_catch_sim) StdoutLine: {'line': b'\n'}
[1.287839] (turtlesim_catch_sim) StdoutLine: {'line': b'Installed /home/fog/ros2_ws/build/turtlesim_catch_sim\n'}
[1.287897] (turtlesim_catch_sim) StdoutLine: {'line': b'running symlink_data\n'}
[1.287950] (turtlesim_catch_sim) StdoutLine: {'line': b'creating /home/fog/ros2_ws/install/turtlesim_catch_sim/share/ament_index\n'}
[1.288003] (turtlesim_catch_sim) StdoutLine: {'line': b'creating /home/fog/ros2_ws/install/turtlesim_catch_sim/share/ament_index/resource_index\n'}
[1.288054] (turtlesim_catch_sim) StdoutLine: {'line': b'creating /home/fog/ros2_ws/install/turtlesim_catch_sim/share/ament_index/resource_index/packages\n'}
[1.288104] (turtlesim_catch_sim) StdoutLine: {'line': b'symbolically linking /home/fog/ros2_ws/build/turtlesim_catch_sim/resource/turtlesim_catch_sim -> /home/fog/ros2_ws/install/turtlesim_catch_sim/share/ament_index/resource_index/packages\n'}
[1.288155] (turtlesim_catch_sim) StdoutLine: {'line': b'symbolically linking /home/fog/ros2_ws/build/turtlesim_catch_sim/package.xml -> /home/fog/ros2_ws/install/turtlesim_catch_sim/share/turtlesim_catch_sim\n'}
[1.302629] (-) TimerEvent: {}
[1.308320] (my_py_pkg) CommandEnded: {'returncode': 0}
[1.318361] (my_py_pkg) JobEnded: {'identifier': 'my_py_pkg', 'rc': 0}
[1.318741] (my_robot_bringup) JobStarted: {'identifier': 'my_robot_bringup'}
[1.323591] (turtlesim_catch_sim) CommandEnded: {'returncode': 0}
[1.332396] (turtlesim_catch_sim) JobEnded: {'identifier': 'turtlesim_catch_sim', 'rc': 0}
[1.333249] (my_robot_bringup) JobProgress: {'identifier': 'my_robot_bringup', 'progress': 'cmake'}
[1.333282] (my_robot_bringup) Command: {'cmd': ['/usr/bin/cmake', '/home/fog/ros2_ws/src/my_robot_bringup', '-DAMENT_CMAKE_SYMLINK_INSTALL=1', '-DCMAKE_INSTALL_PREFIX=/home/fog/ros2_ws/install/my_robot_bringup'], 'cwd': '/home/fog/ros2_ws/build/my_robot_bringup', 'env': OrderedDict([('GJS_DEBUG_TOPICS', 'JS ERROR;JS LOG'), ('LESSOPEN', '| /usr/bin/lesspipe %s'), ('LANGUAGE', 'zh_CN:en'), ('USER', 'fog'), ('LC_TIME', 'zh_CN.UTF-8'), ('XDG_SESSION_TYPE', 'x11'), ('SHLVL', '1'), ('LD_LIBRARY_PATH', '/usr/lib/x86_64-linux-gnu/gazebo-11/plugins:/opt/ros/humble/opt/rviz_ogre_vendor/lib:/opt/ros/humble/lib/x86_64-linux-gnu:/opt/ros/humble/lib:/usr/share/gazebo/../../lib/x86_64-linux-gnu/gazebo-11/plugins:'), ('HOME', '/home/fog'), ('OLDPWD', '/home/fog'), ('DESKTOP_SESSION', 'ubuntu'), ('GIO_LAUNCHED_DESKTOP_FILE', '/usr/share/applications/terminator.desktop'), ('GAZEBO_MASTER_URI', 'http://localhost:11345'), ('ROS_PYTHON_VERSION', '3'), ('GNOME_SHELL_SESSION_MODE', 'ubuntu'), ('GTK_MODULES', 'gail:atk-bridge'), ('LC_MONETARY', 'zh_CN.UTF-8'), ('MANAGERPID', '1258'), ('SYSTEMD_EXEC_PID', '1404'), ('DBUS_SESSION_BUS_ADDRESS', 'unix:path=/run/user/1000/bus'), ('COLORTERM', 'truecolor'), ('TERMINATOR_DBUS_NAME', 'net.tenshu.Terminator25ef4b219e3b005583550f2b0f9f990c3'), ('GIO_LAUNCHED_DESKTOP_FILE_PID', '26334'), ('IM_CONFIG_PHASE', '1'), ('WAYLAND_DISPLAY', 'wayland-0'), ('ROS_DISTRO', 'humble'), ('LOGNAME', 'fog'), ('JOURNAL_STREAM', '8:23341'), ('_', '/usr/bin/colcon'), ('ROS_VERSION', '2'), ('XDG_SESSION_CLASS', 'user'), ('USERNAME', 'fog'), ('TERM', 'xterm-256color'), ('GAZEBO_MODEL_PATH', '/usr/share/gazebo/../../share/gazebo-11/models::/opt/ros/humble/share/turtlebot3_gazebo/models'), ('GNOME_DESKTOP_SESSION_ID', 'this-is-deprecated'), ('ROS_LOCALHOST_ONLY', '0'), ('OGRE_RESOURCE_PATH', '/usr/lib/x86_64-linux-gnu/OGRE-1.9.0'), ('PATH', '/opt/ros/humble/bin:/usr/local/sbin:/usr/local/bin:/usr/sbin:/usr/bin:/sbin:/bin:/usr/games:/usr/local/games:/snap/bin:/snap/bin'), ('SESSION_MANAGER', 'local/fog:@/tmp/.ICE-unix/1371,unix/fog:/tmp/.ICE-unix/1371'), ('INVOCATION_ID', '304372798fba4ccabd80b8e4596a5595'), ('PAPERSIZE', 'a4'), ('XDG_MENU_PREFIX', 'gnome-'), ('LC_ADDRESS', 'zh_CN.UTF-8'), ('GNOME_SETUP_DISPLAY', ':1'), ('XDG_RUNTIME_DIR', '/run/user/1000'), ('DISPLAY', ':0'), ('TERMINATOR_DBUS_PATH', '/net/tenshu/Terminator2'), ('LANG', 'zh_CN.UTF-8'), ('XDG_CURRENT_DESKTOP', 'ubuntu:GNOME'), ('IBUS_DISABLE_SNOOPER', '1'), ('LC_TELEPHONE', 'zh_CN.UTF-8'), ('XMODIFIERS', '@im=ibus'), ('XDG_SESSION_DESKTOP', 'ubuntu'), ('XAUTHORITY', '/run/user/1000/.mutter-Xwaylandauth.A0F5N3'), ('LS_COLORS', 'rs=0:di=01;34:ln=01;36:mh=00:pi=40;33:so=01;35:do=01;35:bd=40;33;01:cd=40;33;01:or=40;31;01:mi=00:su=37;41:sg=30;43:ca=30;41:tw=30;42:ow=34;42:st=37;44:ex=01;32:*.tar=01;31:*.tgz=01;31:*.arc=01;31:*.arj=01;31:*.taz=01;31:*.lha=01;31:*.lz4=01;31:*.lzh=01;31:*.lzma=01;31:*.tlz=01;31:*.txz=01;31:*.tzo=01;31:*.t7z=01;31:*.zip=01;31:*.z=01;31:*.dz=01;31:*.gz=01;31:*.lrz=01;31:*.lz=01;31:*.lzo=01;31:*.xz=01;31:*.zst=01;31:*.tzst=01;31:*.bz2=01;31:*.bz=01;31:*.tbz=01;31:*.tbz2=01;31:*.tz=01;31:*.deb=01;31:*.rpm=01;31:*.jar=01;31:*.war=01;31:*.ear=01;31:*.sar=01;31:*.rar=01;31:*.alz=01;31:*.ace=01;31:*.zoo=01;31:*.cpio=01;31:*.7z=01;31:*.rz=01;31:*.cab=01;31:*.wim=01;31:*.swm=01;31:*.dwm=01;31:*.esd=01;31:*.jpg=01;35:*.jpeg=01;35:*.mjpg=01;35:*.mjpeg=01;35:*.gif=01;35:*.bmp=01;35:*.pbm=01;35:*.pgm=01;35:*.ppm=01;35:*.tga=01;35:*.xbm=01;35:*.xpm=01;35:*.tif=01;35:*.tiff=01;35:*.png=01;35:*.svg=01;35:*.svgz=01;35:*.mng=01;35:*.pcx=01;35:*.mov=01;35:*.mpg=01;35:*.mpeg=01;35:*.m2v=01;35:*.mkv=01;35:*.webm=01;35:*.webp=01;35:*.ogm=01;35:*.mp4=01;35:*.m4v=01;35:*.mp4v=01;35:*.vob=01;35:*.qt=01;35:*.nuv=01;35:*.wmv=01;35:*.asf=01;35:*.rm=01;35:*.rmvb=01;35:*.flc=01;35:*.avi=01;35:*.fli=01;35:*.flv=01;35:*.gl=01;35:*.dl=01;35:*.xcf=01;35:*.xwd=01;35:*.yuv=01;35:*.cgm=01;35:*.emf=01;35:*.ogv=01;35:*.ogx=01;35:*.aac=00;36:*.au=00;36:*.flac=00;36:*.m4a=00;36:*.mid=00;36:*.midi=00;36:*.mka=00;36:*.mp3=00;36:*.mpc=00;36:*.ogg=00;36:*.ra=00;36:*.wav=00;36:*.oga=00;36:*.opus=00;36:*.spx=00;36:*.xspf=00;36:'), ('SSH_AGENT_LAUNCHER', 'gnome-keyring'), ('SSH_AUTH_SOCK', '/run/user/1000/keyring/ssh'), ('AMENT_PREFIX_PATH', '/home/fog/ros2_ws/install/my_py_pkg:/opt/ros/humble'), ('SHELL', '/bin/bash'), ('LC_NAME', 'zh_CN.UTF-8'), ('TERMINATOR_UUID', 'urn:uuid:efce3c67-47cc-4704-9d69-3c5d2cc2e916'), ('QT_ACCESSIBILITY', '1'), ('GDMSESSION', 'ubuntu'), ('LESSCLOSE', '/usr/bin/lesspipe %s %s'), ('LC_MEASUREMENT', 'zh_CN.UTF-8'), ('GAZEBO_RESOURCE_PATH', '/usr/share/gazebo/../../share/gazebo-11:'), ('GJS_DEBUG_OUTPUT', 'stderr'), ('LC_IDENTIFICATION', 'zh_CN.UTF-8'), ('GAZEBO_MODEL_DATABASE_URI', 'http://models.gazebosim.org'), ('QT_IM_MODULE', 'ibus'), ('PWD', '/home/fog/ros2_ws/build/my_robot_bringup'), ('QT_QPA_PLATFORM', 'xcb'), ('TURTLEBOT3_MODEL', 'burger'), ('XDG_CONFIG_DIRS', '/etc/xdg/xdg-ubuntu:/etc/xdg'), ('GAZEBO_PLUGIN_PATH', '/usr/share/gazebo/../../lib/x86_64-linux-gnu/gazebo-11/plugins:'), ('XDG_DATA_DIRS', '/usr/share/ubuntu:/usr/local/share/:/usr/share/:/var/lib/snapd/desktop'), ('PYTHONPATH', '/home/fog/ros2_ws/build/my_py_pkg:/home/fog/ros2_ws/install/my_py_pkg/lib/python3.10/site-packages:/opt/ros/humble/lib/python3.10/site-packages:/opt/ros/humble/local/lib/python3.10/dist-packages'), ('LC_NUMERIC', 'zh_CN.UTF-8'), ('LC_PAPER', 'zh_CN.UTF-8'), ('COLCON', '1'), ('VTE_VERSION', '6800'), ('CMAKE_PREFIX_PATH', '/opt/ros/humble')]), 'shell': False}
[1.352321] (my_robot_interfaces) StdoutLine: {'line': b'-- Found ament_cmake_ros: 0.10.0 (/opt/ros/humble/share/ament_cmake_ros/cmake)\n'}
[1.402826] (-) TimerEvent: {}
[1.405580] (my_robot_bringup) StdoutLine: {'line': b'-- The C compiler identification is GNU 11.4.0\n'}
[1.477730] (my_robot_bringup) StdoutLine: {'line': b'-- The CXX compiler identification is GNU 11.4.0\n'}
[1.486355] (my_robot_bringup) StdoutLine: {'line': b'-- Detecting C compiler ABI info\n'}
[1.503319] (-) TimerEvent: {}
[1.544506] (my_robot_interfaces) StdoutLine: {'line': b'-- Using all available rosidl_typesupport_c: rosidl_typesupport_fastrtps_c;rosidl_typesupport_introspection_c\n'}
[1.578603] (my_robot_bringup) StdoutLine: {'line': b'-- Detecting C compiler ABI info - done\n'}
[1.585003] (my_robot_bringup) StdoutLine: {'line': b'-- Check for working C compiler: /usr/bin/cc - skipped\n'}
[1.585399] (my_robot_bringup) StdoutLine: {'line': b'-- Detecting C compile features\n'}
[1.586455] (my_robot_bringup) StdoutLine: {'line': b'-- Detecting C compile features - done\n'}
[1.589052] (my_robot_bringup) StdoutLine: {'line': b'-- Detecting CXX compiler ABI info\n'}
[1.603512] (-) TimerEvent: {}
[1.698615] (my_robot_bringup) StdoutLine: {'line': b'-- Detecting CXX compiler ABI info - done\n'}
[1.703623] (-) TimerEvent: {}
[1.705425] (my_robot_bringup) StdoutLine: {'line': b'-- Check for working CXX compiler: /usr/bin/c++ - skipped\n'}
[1.705698] (my_robot_bringup) StdoutLine: {'line': b'-- Detecting CXX compile features\n'}
[1.706286] (my_robot_bringup) StdoutLine: {'line': b'-- Detecting CXX compile features - done\n'}
[1.708803] (my_robot_bringup) StdoutLine: {'line': b'-- Found ament_cmake: 1.3.14 (/opt/ros/humble/share/ament_cmake/cmake)\n'}
[1.790111] (my_robot_interfaces) StdoutLine: {'line': b'-- Using all available rosidl_typesupport_cpp: rosidl_typesupport_fastrtps_cpp;rosidl_typesupport_introspection_cpp\n'}
[1.804562] (-) TimerEvent: {}
[1.813894] (my_robot_interfaces) StdoutLine: {'line': b'-- Found PythonInterp: /usr/bin/python3 (found suitable version "3.10.12", minimum required is "3.6") \n'}
[1.816576] (my_robot_interfaces) StdoutLine: {'line': b'-- Found python_cmake_module: 0.10.0 (/opt/ros/humble/share/python_cmake_module/cmake)\n'}
[1.843683] (my_robot_interfaces) StdoutLine: {'line': b'-- Found PythonLibs: /usr/lib/x86_64-linux-gnu/libpython3.10.so (found suitable version "3.10.12", minimum required is "3.5") \n'}
[1.843869] (my_robot_interfaces) StdoutLine: {'line': b'-- Using PYTHON_EXECUTABLE: /usr/bin/python3\n'}
[1.844124] (my_robot_interfaces) StdoutLine: {'line': b'-- Using PYTHON_INCLUDE_DIRS: /usr/include/python3.10\n'}
[1.844257] (my_robot_interfaces) StdoutLine: {'line': b'-- Using PYTHON_LIBRARIES: /usr/lib/x86_64-linux-gnu/libpython3.10.so\n'}
[1.865986] (my_robot_interfaces) StdoutLine: {'line': b'-- Found PythonExtra: .so  \n'}
[1.869270] (my_robot_bringup) StdoutLine: {'line': b'-- Found Python3: /usr/bin/python3 (found version "3.10.12") found components: Interpreter \n'}
[1.905676] (-) TimerEvent: {}
[1.932916] (my_robot_bringup) StdoutLine: {'line': b'-- Override CMake install command with custom implementation using symlinks instead of copying resources\n'}
[1.973542] (my_robot_interfaces) StdoutLine: {'line': b'-- Configuring done\n'}
[2.005089] (my_robot_interfaces) StdoutLine: {'line': b'-- Generating done\n'}
[2.006004] (-) TimerEvent: {}
[2.013724] (my_robot_interfaces) StdoutLine: {'line': b'-- Build files have been written to: /home/fog/ros2_ws/build/my_robot_interfaces\n'}
[2.024011] (my_robot_interfaces) CommandEnded: {'returncode': 0}
[2.024437] (my_robot_interfaces) JobProgress: {'identifier': 'my_robot_interfaces', 'progress': 'build'}
[2.024496] (my_robot_interfaces) Command: {'cmd': ['/usr/bin/cmake', '--build', '/home/fog/ros2_ws/build/my_robot_interfaces', '--', '-j16', '-l16'], 'cwd': '/home/fog/ros2_ws/build/my_robot_interfaces', 'env': OrderedDict([('GJS_DEBUG_TOPICS', 'JS ERROR;JS LOG'), ('LESSOPEN', '| /usr/bin/lesspipe %s'), ('LANGUAGE', 'zh_CN:en'), ('USER', 'fog'), ('LC_TIME', 'zh_CN.UTF-8'), ('XDG_SESSION_TYPE', 'x11'), ('SHLVL', '1'), ('LD_LIBRARY_PATH', '/usr/lib/x86_64-linux-gnu/gazebo-11/plugins:/opt/ros/humble/opt/rviz_ogre_vendor/lib:/opt/ros/humble/lib/x86_64-linux-gnu:/opt/ros/humble/lib:/usr/share/gazebo/../../lib/x86_64-linux-gnu/gazebo-11/plugins:'), ('HOME', '/home/fog'), ('OLDPWD', '/home/fog'), ('DESKTOP_SESSION', 'ubuntu'), ('GIO_LAUNCHED_DESKTOP_FILE', '/usr/share/applications/terminator.desktop'), ('GAZEBO_MASTER_URI', 'http://localhost:11345'), ('ROS_PYTHON_VERSION', '3'), ('GNOME_SHELL_SESSION_MODE', 'ubuntu'), ('GTK_MODULES', 'gail:atk-bridge'), ('LC_MONETARY', 'zh_CN.UTF-8'), ('MANAGERPID', '1258'), ('SYSTEMD_EXEC_PID', '1404'), ('DBUS_SESSION_BUS_ADDRESS', 'unix:path=/run/user/1000/bus'), ('COLORTERM', 'truecolor'), ('TERMINATOR_DBUS_NAME', 'net.tenshu.Terminator25ef4b219e3b005583550f2b0f9f990c3'), ('GIO_LAUNCHED_DESKTOP_FILE_PID', '26334'), ('IM_CONFIG_PHASE', '1'), ('WAYLAND_DISPLAY', 'wayland-0'), ('ROS_DISTRO', 'humble'), ('LOGNAME', 'fog'), ('JOURNAL_STREAM', '8:23341'), ('_', '/usr/bin/colcon'), ('ROS_VERSION', '2'), ('XDG_SESSION_CLASS', 'user'), ('USERNAME', 'fog'), ('TERM', 'xterm-256color'), ('GAZEBO_MODEL_PATH', '/usr/share/gazebo/../../share/gazebo-11/models::/opt/ros/humble/share/turtlebot3_gazebo/models'), ('GNOME_DESKTOP_SESSION_ID', 'this-is-deprecated'), ('ROS_LOCALHOST_ONLY', '0'), ('OGRE_RESOURCE_PATH', '/usr/lib/x86_64-linux-gnu/OGRE-1.9.0'), ('PATH', '/opt/ros/humble/bin:/usr/local/sbin:/usr/local/bin:/usr/sbin:/usr/bin:/sbin:/bin:/usr/games:/usr/local/games:/snap/bin:/snap/bin'), ('SESSION_MANAGER', 'local/fog:@/tmp/.ICE-unix/1371,unix/fog:/tmp/.ICE-unix/1371'), ('INVOCATION_ID', '304372798fba4ccabd80b8e4596a5595'), ('PAPERSIZE', 'a4'), ('XDG_MENU_PREFIX', 'gnome-'), ('LC_ADDRESS', 'zh_CN.UTF-8'), ('GNOME_SETUP_DISPLAY', ':1'), ('XDG_RUNTIME_DIR', '/run/user/1000'), ('DISPLAY', ':0'), ('TERMINATOR_DBUS_PATH', '/net/tenshu/Terminator2'), ('LANG', 'zh_CN.UTF-8'), ('XDG_CURRENT_DESKTOP', 'ubuntu:GNOME'), ('IBUS_DISABLE_SNOOPER', '1'), ('LC_TELEPHONE', 'zh_CN.UTF-8'), ('XMODIFIERS', '@im=ibus'), ('XDG_SESSION_DESKTOP', 'ubuntu'), ('XAUTHORITY', '/run/user/1000/.mutter-Xwaylandauth.A0F5N3'), ('LS_COLORS', 'rs=0:di=01;34:ln=01;36:mh=00:pi=40;33:so=01;35:do=01;35:bd=40;33;01:cd=40;33;01:or=40;31;01:mi=00:su=37;41:sg=30;43:ca=30;41:tw=30;42:ow=34;42:st=37;44:ex=01;32:*.tar=01;31:*.tgz=01;31:*.arc=01;31:*.arj=01;31:*.taz=01;31:*.lha=01;31:*.lz4=01;31:*.lzh=01;31:*.lzma=01;31:*.tlz=01;31:*.txz=01;31:*.tzo=01;31:*.t7z=01;31:*.zip=01;31:*.z=01;31:*.dz=01;31:*.gz=01;31:*.lrz=01;31:*.lz=01;31:*.lzo=01;31:*.xz=01;31:*.zst=01;31:*.tzst=01;31:*.bz2=01;31:*.bz=01;31:*.tbz=01;31:*.tbz2=01;31:*.tz=01;31:*.deb=01;31:*.rpm=01;31:*.jar=01;31:*.war=01;31:*.ear=01;31:*.sar=01;31:*.rar=01;31:*.alz=01;31:*.ace=01;31:*.zoo=01;31:*.cpio=01;31:*.7z=01;31:*.rz=01;31:*.cab=01;31:*.wim=01;31:*.swm=01;31:*.dwm=01;31:*.esd=01;31:*.jpg=01;35:*.jpeg=01;35:*.mjpg=01;35:*.mjpeg=01;35:*.gif=01;35:*.bmp=01;35:*.pbm=01;35:*.pgm=01;35:*.ppm=01;35:*.tga=01;35:*.xbm=01;35:*.xpm=01;35:*.tif=01;35:*.tiff=01;35:*.png=01;35:*.svg=01;35:*.svgz=01;35:*.mng=01;35:*.pcx=01;35:*.mov=01;35:*.mpg=01;35:*.mpeg=01;35:*.m2v=01;35:*.mkv=01;35:*.webm=01;35:*.webp=01;35:*.ogm=01;35:*.mp4=01;35:*.m4v=01;35:*.mp4v=01;35:*.vob=01;35:*.qt=01;35:*.nuv=01;35:*.wmv=01;35:*.asf=01;35:*.rm=01;35:*.rmvb=01;35:*.flc=01;35:*.avi=01;35:*.fli=01;35:*.flv=01;35:*.gl=01;35:*.dl=01;35:*.xcf=01;35:*.xwd=01;35:*.yuv=01;35:*.cgm=01;35:*.emf=01;35:*.ogv=01;35:*.ogx=01;35:*.aac=00;36:*.au=00;36:*.flac=00;36:*.m4a=00;36:*.mid=00;36:*.midi=00;36:*.mka=00;36:*.mp3=00;36:*.mpc=00;36:*.ogg=00;36:*.ra=00;36:*.wav=00;36:*.oga=00;36:*.opus=00;36:*.spx=00;36:*.xspf=00;36:'), ('SSH_AGENT_LAUNCHER', 'gnome-keyring'), ('SSH_AUTH_SOCK', '/run/user/1000/keyring/ssh'), ('AMENT_PREFIX_PATH', '/opt/ros/humble'), ('SHELL', '/bin/bash'), ('LC_NAME', 'zh_CN.UTF-8'), ('TERMINATOR_UUID', 'urn:uuid:efce3c67-47cc-4704-9d69-3c5d2cc2e916'), ('QT_ACCESSIBILITY', '1'), ('GDMSESSION', 'ubuntu'), ('LESSCLOSE', '/usr/bin/lesspipe %s %s'), ('LC_MEASUREMENT', 'zh_CN.UTF-8'), ('GAZEBO_RESOURCE_PATH', '/usr/share/gazebo/../../share/gazebo-11:'), ('GJS_DEBUG_OUTPUT', 'stderr'), ('LC_IDENTIFICATION', 'zh_CN.UTF-8'), ('GAZEBO_MODEL_DATABASE_URI', 'http://models.gazebosim.org'), ('QT_IM_MODULE', 'ibus'), ('PWD', '/home/fog/ros2_ws/build/my_robot_interfaces'), ('QT_QPA_PLATFORM', 'xcb'), ('TURTLEBOT3_MODEL', 'burger'), ('XDG_CONFIG_DIRS', '/etc/xdg/xdg-ubuntu:/etc/xdg'), ('GAZEBO_PLUGIN_PATH', '/usr/share/gazebo/../../lib/x86_64-linux-gnu/gazebo-11/plugins:'), ('XDG_DATA_DIRS', '/usr/share/ubuntu:/usr/local/share/:/usr/share/:/var/lib/snapd/desktop'), ('PYTHONPATH', '/opt/ros/humble/lib/python3.10/site-packages:/opt/ros/humble/local/lib/python3.10/dist-packages'), ('LC_NUMERIC', 'zh_CN.UTF-8'), ('LC_PAPER', 'zh_CN.UTF-8'), ('COLCON', '1'), ('VTE_VERSION', '6800'), ('CMAKE_PREFIX_PATH', '/opt/ros/humble')]), 'shell': False}
[2.026455] (my_robot_bringup) StdoutLine: {'line': b'-- Configuring done\n'}
[2.027188] (my_robot_bringup) StdoutLine: {'line': b'-- Generating done\n'}
[2.028788] (my_robot_bringup) StdoutLine: {'line': b'-- Build files have been written to: /home/fog/ros2_ws/build/my_robot_bringup\n'}
[2.032845] (my_robot_bringup) CommandEnded: {'returncode': 0}
[2.033163] (my_robot_bringup) JobProgress: {'identifier': 'my_robot_bringup', 'progress': 'build'}
[2.034665] (my_robot_bringup) Command: {'cmd': ['/usr/bin/cmake', '--build', '/home/fog/ros2_ws/build/my_robot_bringup', '--', '-j16', '-l16'], 'cwd': '/home/fog/ros2_ws/build/my_robot_bringup', 'env': OrderedDict([('GJS_DEBUG_TOPICS', 'JS ERROR;JS LOG'), ('LESSOPEN', '| /usr/bin/lesspipe %s'), ('LANGUAGE', 'zh_CN:en'), ('USER', 'fog'), ('LC_TIME', 'zh_CN.UTF-8'), ('XDG_SESSION_TYPE', 'x11'), ('SHLVL', '1'), ('LD_LIBRARY_PATH', '/usr/lib/x86_64-linux-gnu/gazebo-11/plugins:/opt/ros/humble/opt/rviz_ogre_vendor/lib:/opt/ros/humble/lib/x86_64-linux-gnu:/opt/ros/humble/lib:/usr/share/gazebo/../../lib/x86_64-linux-gnu/gazebo-11/plugins:'), ('HOME', '/home/fog'), ('OLDPWD', '/home/fog'), ('DESKTOP_SESSION', 'ubuntu'), ('GIO_LAUNCHED_DESKTOP_FILE', '/usr/share/applications/terminator.desktop'), ('GAZEBO_MASTER_URI', 'http://localhost:11345'), ('ROS_PYTHON_VERSION', '3'), ('GNOME_SHELL_SESSION_MODE', 'ubuntu'), ('GTK_MODULES', 'gail:atk-bridge'), ('LC_MONETARY', 'zh_CN.UTF-8'), ('MANAGERPID', '1258'), ('SYSTEMD_EXEC_PID', '1404'), ('DBUS_SESSION_BUS_ADDRESS', 'unix:path=/run/user/1000/bus'), ('COLORTERM', 'truecolor'), ('TERMINATOR_DBUS_NAME', 'net.tenshu.Terminator25ef4b219e3b005583550f2b0f9f990c3'), ('GIO_LAUNCHED_DESKTOP_FILE_PID', '26334'), ('IM_CONFIG_PHASE', '1'), ('WAYLAND_DISPLAY', 'wayland-0'), ('ROS_DISTRO', 'humble'), ('LOGNAME', 'fog'), ('JOURNAL_STREAM', '8:23341'), ('_', '/usr/bin/colcon'), ('ROS_VERSION', '2'), ('XDG_SESSION_CLASS', 'user'), ('USERNAME', 'fog'), ('TERM', 'xterm-256color'), ('GAZEBO_MODEL_PATH', '/usr/share/gazebo/../../share/gazebo-11/models::/opt/ros/humble/share/turtlebot3_gazebo/models'), ('GNOME_DESKTOP_SESSION_ID', 'this-is-deprecated'), ('ROS_LOCALHOST_ONLY', '0'), ('OGRE_RESOURCE_PATH', '/usr/lib/x86_64-linux-gnu/OGRE-1.9.0'), ('PATH', '/opt/ros/humble/bin:/usr/local/sbin:/usr/local/bin:/usr/sbin:/usr/bin:/sbin:/bin:/usr/games:/usr/local/games:/snap/bin:/snap/bin'), ('SESSION_MANAGER', 'local/fog:@/tmp/.ICE-unix/1371,unix/fog:/tmp/.ICE-unix/1371'), ('INVOCATION_ID', '304372798fba4ccabd80b8e4596a5595'), ('PAPERSIZE', 'a4'), ('XDG_MENU_PREFIX', 'gnome-'), ('LC_ADDRESS', 'zh_CN.UTF-8'), ('GNOME_SETUP_DISPLAY', ':1'), ('XDG_RUNTIME_DIR', '/run/user/1000'), ('DISPLAY', ':0'), ('TERMINATOR_DBUS_PATH', '/net/tenshu/Terminator2'), ('LANG', 'zh_CN.UTF-8'), ('XDG_CURRENT_DESKTOP', 'ubuntu:GNOME'), ('IBUS_DISABLE_SNOOPER', '1'), ('LC_TELEPHONE', 'zh_CN.UTF-8'), ('XMODIFIERS', '@im=ibus'), ('XDG_SESSION_DESKTOP', 'ubuntu'), ('XAUTHORITY', '/run/user/1000/.mutter-Xwaylandauth.A0F5N3'), ('LS_COLORS', 'rs=0:di=01;34:ln=01;36:mh=00:pi=40;33:so=01;35:do=01;35:bd=40;33;01:cd=40;33;01:or=40;31;01:mi=00:su=37;41:sg=30;43:ca=30;41:tw=30;42:ow=34;42:st=37;44:ex=01;32:*.tar=01;31:*.tgz=01;31:*.arc=01;31:*.arj=01;31:*.taz=01;31:*.lha=01;31:*.lz4=01;31:*.lzh=01;31:*.lzma=01;31:*.tlz=01;31:*.txz=01;31:*.tzo=01;31:*.t7z=01;31:*.zip=01;31:*.z=01;31:*.dz=01;31:*.gz=01;31:*.lrz=01;31:*.lz=01;31:*.lzo=01;31:*.xz=01;31:*.zst=01;31:*.tzst=01;31:*.bz2=01;31:*.bz=01;31:*.tbz=01;31:*.tbz2=01;31:*.tz=01;31:*.deb=01;31:*.rpm=01;31:*.jar=01;31:*.war=01;31:*.ear=01;31:*.sar=01;31:*.rar=01;31:*.alz=01;31:*.ace=01;31:*.zoo=01;31:*.cpio=01;31:*.7z=01;31:*.rz=01;31:*.cab=01;31:*.wim=01;31:*.swm=01;31:*.dwm=01;31:*.esd=01;31:*.jpg=01;35:*.jpeg=01;35:*.mjpg=01;35:*.mjpeg=01;35:*.gif=01;35:*.bmp=01;35:*.pbm=01;35:*.pgm=01;35:*.ppm=01;35:*.tga=01;35:*.xbm=01;35:*.xpm=01;35:*.tif=01;35:*.tiff=01;35:*.png=01;35:*.svg=01;35:*.svgz=01;35:*.mng=01;35:*.pcx=01;35:*.mov=01;35:*.mpg=01;35:*.mpeg=01;35:*.m2v=01;35:*.mkv=01;35:*.webm=01;35:*.webp=01;35:*.ogm=01;35:*.mp4=01;35:*.m4v=01;35:*.mp4v=01;35:*.vob=01;35:*.qt=01;35:*.nuv=01;35:*.wmv=01;35:*.asf=01;35:*.rm=01;35:*.rmvb=01;35:*.flc=01;35:*.avi=01;35:*.fli=01;35:*.flv=01;35:*.gl=01;35:*.dl=01;35:*.xcf=01;35:*.xwd=01;35:*.yuv=01;35:*.cgm=01;35:*.emf=01;35:*.ogv=01;35:*.ogx=01;35:*.aac=00;36:*.au=00;36:*.flac=00;36:*.m4a=00;36:*.mid=00;36:*.midi=00;36:*.mka=00;36:*.mp3=00;36:*.mpc=00;36:*.ogg=00;36:*.ra=00;36:*.wav=00;36:*.oga=00;36:*.opus=00;36:*.spx=00;36:*.xspf=00;36:'), ('SSH_AGENT_LAUNCHER', 'gnome-keyring'), ('SSH_AUTH_SOCK', '/run/user/1000/keyring/ssh'), ('AMENT_PREFIX_PATH', '/home/fog/ros2_ws/install/my_py_pkg:/opt/ros/humble'), ('SHELL', '/bin/bash'), ('LC_NAME', 'zh_CN.UTF-8'), ('TERMINATOR_UUID', 'urn:uuid:efce3c67-47cc-4704-9d69-3c5d2cc2e916'), ('QT_ACCESSIBILITY', '1'), ('GDMSESSION', 'ubuntu'), ('LESSCLOSE', '/usr/bin/lesspipe %s %s'), ('LC_MEASUREMENT', 'zh_CN.UTF-8'), ('GAZEBO_RESOURCE_PATH', '/usr/share/gazebo/../../share/gazebo-11:'), ('GJS_DEBUG_OUTPUT', 'stderr'), ('LC_IDENTIFICATION', 'zh_CN.UTF-8'), ('GAZEBO_MODEL_DATABASE_URI', 'http://models.gazebosim.org'), ('QT_IM_MODULE', 'ibus'), ('PWD', '/home/fog/ros2_ws/build/my_robot_bringup'), ('QT_QPA_PLATFORM', 'xcb'), ('TURTLEBOT3_MODEL', 'burger'), ('XDG_CONFIG_DIRS', '/etc/xdg/xdg-ubuntu:/etc/xdg'), ('GAZEBO_PLUGIN_PATH', '/usr/share/gazebo/../../lib/x86_64-linux-gnu/gazebo-11/plugins:'), ('XDG_DATA_DIRS', '/usr/share/ubuntu:/usr/local/share/:/usr/share/:/var/lib/snapd/desktop'), ('PYTHONPATH', '/home/fog/ros2_ws/build/my_py_pkg:/home/fog/ros2_ws/install/my_py_pkg/lib/python3.10/site-packages:/opt/ros/humble/lib/python3.10/site-packages:/opt/ros/humble/local/lib/python3.10/dist-packages'), ('LC_NUMERIC', 'zh_CN.UTF-8'), ('LC_PAPER', 'zh_CN.UTF-8'), ('COLCON', '1'), ('VTE_VERSION', '6800'), ('CMAKE_PREFIX_PATH', '/opt/ros/humble')]), 'shell': False}
[2.084264] (my_robot_interfaces) StdoutLine: {'line': b'[  1%] \x1b[34m\x1b[1mGenerating C code for ROS interfaces\x1b[0m\n'}
[2.085268] (my_robot_bringup) CommandEnded: {'returncode': 0}
[2.085651] (my_robot_bringup) JobProgress: {'identifier': 'my_robot_bringup', 'progress': 'install'}
[2.098285] (my_robot_bringup) Command: {'cmd': ['/usr/bin/cmake', '--install', '/home/fog/ros2_ws/build/my_robot_bringup'], 'cwd': '/home/fog/ros2_ws/build/my_robot_bringup', 'env': OrderedDict([('GJS_DEBUG_TOPICS', 'JS ERROR;JS LOG'), ('LESSOPEN', '| /usr/bin/lesspipe %s'), ('LANGUAGE', 'zh_CN:en'), ('USER', 'fog'), ('LC_TIME', 'zh_CN.UTF-8'), ('XDG_SESSION_TYPE', 'x11'), ('SHLVL', '1'), ('LD_LIBRARY_PATH', '/usr/lib/x86_64-linux-gnu/gazebo-11/plugins:/opt/ros/humble/opt/rviz_ogre_vendor/lib:/opt/ros/humble/lib/x86_64-linux-gnu:/opt/ros/humble/lib:/usr/share/gazebo/../../lib/x86_64-linux-gnu/gazebo-11/plugins:'), ('HOME', '/home/fog'), ('OLDPWD', '/home/fog'), ('DESKTOP_SESSION', 'ubuntu'), ('GIO_LAUNCHED_DESKTOP_FILE', '/usr/share/applications/terminator.desktop'), ('GAZEBO_MASTER_URI', 'http://localhost:11345'), ('ROS_PYTHON_VERSION', '3'), ('GNOME_SHELL_SESSION_MODE', 'ubuntu'), ('GTK_MODULES', 'gail:atk-bridge'), ('LC_MONETARY', 'zh_CN.UTF-8'), ('MANAGERPID', '1258'), ('SYSTEMD_EXEC_PID', '1404'), ('DBUS_SESSION_BUS_ADDRESS', 'unix:path=/run/user/1000/bus'), ('COLORTERM', 'truecolor'), ('TERMINATOR_DBUS_NAME', 'net.tenshu.Terminator25ef4b219e3b005583550f2b0f9f990c3'), ('GIO_LAUNCHED_DESKTOP_FILE_PID', '26334'), ('IM_CONFIG_PHASE', '1'), ('WAYLAND_DISPLAY', 'wayland-0'), ('ROS_DISTRO', 'humble'), ('LOGNAME', 'fog'), ('JOURNAL_STREAM', '8:23341'), ('_', '/usr/bin/colcon'), ('ROS_VERSION', '2'), ('XDG_SESSION_CLASS', 'user'), ('USERNAME', 'fog'), ('TERM', 'xterm-256color'), ('GAZEBO_MODEL_PATH', '/usr/share/gazebo/../../share/gazebo-11/models::/opt/ros/humble/share/turtlebot3_gazebo/models'), ('GNOME_DESKTOP_SESSION_ID', 'this-is-deprecated'), ('ROS_LOCALHOST_ONLY', '0'), ('OGRE_RESOURCE_PATH', '/usr/lib/x86_64-linux-gnu/OGRE-1.9.0'), ('PATH', '/opt/ros/humble/bin:/usr/local/sbin:/usr/local/bin:/usr/sbin:/usr/bin:/sbin:/bin:/usr/games:/usr/local/games:/snap/bin:/snap/bin'), ('SESSION_MANAGER', 'local/fog:@/tmp/.ICE-unix/1371,unix/fog:/tmp/.ICE-unix/1371'), ('INVOCATION_ID', '304372798fba4ccabd80b8e4596a5595'), ('PAPERSIZE', 'a4'), ('XDG_MENU_PREFIX', 'gnome-'), ('LC_ADDRESS', 'zh_CN.UTF-8'), ('GNOME_SETUP_DISPLAY', ':1'), ('XDG_RUNTIME_DIR', '/run/user/1000'), ('DISPLAY', ':0'), ('TERMINATOR_DBUS_PATH', '/net/tenshu/Terminator2'), ('LANG', 'zh_CN.UTF-8'), ('XDG_CURRENT_DESKTOP', 'ubuntu:GNOME'), ('IBUS_DISABLE_SNOOPER', '1'), ('LC_TELEPHONE', 'zh_CN.UTF-8'), ('XMODIFIERS', '@im=ibus'), ('XDG_SESSION_DESKTOP', 'ubuntu'), ('XAUTHORITY', '/run/user/1000/.mutter-Xwaylandauth.A0F5N3'), ('LS_COLORS', 'rs=0:di=01;34:ln=01;36:mh=00:pi=40;33:so=01;35:do=01;35:bd=40;33;01:cd=40;33;01:or=40;31;01:mi=00:su=37;41:sg=30;43:ca=30;41:tw=30;42:ow=34;42:st=37;44:ex=01;32:*.tar=01;31:*.tgz=01;31:*.arc=01;31:*.arj=01;31:*.taz=01;31:*.lha=01;31:*.lz4=01;31:*.lzh=01;31:*.lzma=01;31:*.tlz=01;31:*.txz=01;31:*.tzo=01;31:*.t7z=01;31:*.zip=01;31:*.z=01;31:*.dz=01;31:*.gz=01;31:*.lrz=01;31:*.lz=01;31:*.lzo=01;31:*.xz=01;31:*.zst=01;31:*.tzst=01;31:*.bz2=01;31:*.bz=01;31:*.tbz=01;31:*.tbz2=01;31:*.tz=01;31:*.deb=01;31:*.rpm=01;31:*.jar=01;31:*.war=01;31:*.ear=01;31:*.sar=01;31:*.rar=01;31:*.alz=01;31:*.ace=01;31:*.zoo=01;31:*.cpio=01;31:*.7z=01;31:*.rz=01;31:*.cab=01;31:*.wim=01;31:*.swm=01;31:*.dwm=01;31:*.esd=01;31:*.jpg=01;35:*.jpeg=01;35:*.mjpg=01;35:*.mjpeg=01;35:*.gif=01;35:*.bmp=01;35:*.pbm=01;35:*.pgm=01;35:*.ppm=01;35:*.tga=01;35:*.xbm=01;35:*.xpm=01;35:*.tif=01;35:*.tiff=01;35:*.png=01;35:*.svg=01;35:*.svgz=01;35:*.mng=01;35:*.pcx=01;35:*.mov=01;35:*.mpg=01;35:*.mpeg=01;35:*.m2v=01;35:*.mkv=01;35:*.webm=01;35:*.webp=01;35:*.ogm=01;35:*.mp4=01;35:*.m4v=01;35:*.mp4v=01;35:*.vob=01;35:*.qt=01;35:*.nuv=01;35:*.wmv=01;35:*.asf=01;35:*.rm=01;35:*.rmvb=01;35:*.flc=01;35:*.avi=01;35:*.fli=01;35:*.flv=01;35:*.gl=01;35:*.dl=01;35:*.xcf=01;35:*.xwd=01;35:*.yuv=01;35:*.cgm=01;35:*.emf=01;35:*.ogv=01;35:*.ogx=01;35:*.aac=00;36:*.au=00;36:*.flac=00;36:*.m4a=00;36:*.mid=00;36:*.midi=00;36:*.mka=00;36:*.mp3=00;36:*.mpc=00;36:*.ogg=00;36:*.ra=00;36:*.wav=00;36:*.oga=00;36:*.opus=00;36:*.spx=00;36:*.xspf=00;36:'), ('SSH_AGENT_LAUNCHER', 'gnome-keyring'), ('SSH_AUTH_SOCK', '/run/user/1000/keyring/ssh'), ('AMENT_PREFIX_PATH', '/home/fog/ros2_ws/install/my_py_pkg:/opt/ros/humble'), ('SHELL', '/bin/bash'), ('LC_NAME', 'zh_CN.UTF-8'), ('TERMINATOR_UUID', 'urn:uuid:efce3c67-47cc-4704-9d69-3c5d2cc2e916'), ('QT_ACCESSIBILITY', '1'), ('GDMSESSION', 'ubuntu'), ('LESSCLOSE', '/usr/bin/lesspipe %s %s'), ('LC_MEASUREMENT', 'zh_CN.UTF-8'), ('GAZEBO_RESOURCE_PATH', '/usr/share/gazebo/../../share/gazebo-11:'), ('GJS_DEBUG_OUTPUT', 'stderr'), ('LC_IDENTIFICATION', 'zh_CN.UTF-8'), ('GAZEBO_MODEL_DATABASE_URI', 'http://models.gazebosim.org'), ('QT_IM_MODULE', 'ibus'), ('PWD', '/home/fog/ros2_ws/build/my_robot_bringup'), ('QT_QPA_PLATFORM', 'xcb'), ('TURTLEBOT3_MODEL', 'burger'), ('XDG_CONFIG_DIRS', '/etc/xdg/xdg-ubuntu:/etc/xdg'), ('GAZEBO_PLUGIN_PATH', '/usr/share/gazebo/../../lib/x86_64-linux-gnu/gazebo-11/plugins:'), ('XDG_DATA_DIRS', '/usr/share/ubuntu:/usr/local/share/:/usr/share/:/var/lib/snapd/desktop'), ('PYTHONPATH', '/home/fog/ros2_ws/build/my_py_pkg:/home/fog/ros2_ws/install/my_py_pkg/lib/python3.10/site-packages:/opt/ros/humble/lib/python3.10/site-packages:/opt/ros/humble/local/lib/python3.10/dist-packages'), ('LC_NUMERIC', 'zh_CN.UTF-8'), ('LC_PAPER', 'zh_CN.UTF-8'), ('COLCON', '1'), ('VTE_VERSION', '6800'), ('CMAKE_PREFIX_PATH', '/opt/ros/humble')]), 'shell': False}
[2.099347] (my_robot_interfaces) StdoutLine: {'line': b'[  3%] \x1b[34m\x1b[1mGenerating Rust code for ROS interfaces\x1b[0m\n'}
[2.099535] (my_robot_interfaces) StdoutLine: {'line': b'[  5%] \x1b[34m\x1b[1mGenerating C++ code for ROS interfaces\x1b[0m\n'}
[2.106282] (-) TimerEvent: {}
[2.108077] (my_robot_bringup) StdoutLine: {'line': b'-- Install configuration: ""\n'}
[2.108366] (my_robot_bringup) StdoutLine: {'line': b'-- Execute custom install script\n'}
[2.109180] (my_robot_bringup) StdoutLine: {'line': b'-- Symlinking: /home/fog/ros2_ws/install/my_robot_bringup/share/my_robot_bringup//launch/number_app.launch.py\n'}
[2.109473] (my_robot_interfaces) StdoutLine: {'line': b'[  5%] Built target ament_cmake_python_symlink_my_robot_interfaces\n'}
[2.120104] (my_robot_bringup) StdoutLine: {'line': b'-- Symlinking: /home/fog/ros2_ws/install/my_robot_bringup/share/my_robot_bringup//launch/number_app.launch.xml\n'}
[2.131601] (my_robot_bringup) StdoutLine: {'line': b'-- Symlinking: /home/fog/ros2_ws/install/my_robot_bringup/share/my_robot_bringup//launch/number_app_from_py.launch.xml\n'}
[2.144566] (my_robot_bringup) StdoutLine: {'line': b'-- Symlinking: /home/fog/ros2_ws/install/my_robot_bringup/share/my_robot_bringup//config/number_app.yaml\n'}
[2.156419] (my_robot_bringup) StdoutLine: {'line': b'-- Symlinking: /home/fog/ros2_ws/install/my_robot_bringup/share/ament_index/resource_index/package_run_dependencies/my_robot_bringup\n'}
[2.167955] (my_robot_bringup) StdoutLine: {'line': b'-- Symlinking: /home/fog/ros2_ws/install/my_robot_bringup/share/ament_index/resource_index/parent_prefix_path/my_robot_bringup\n'}
[2.179754] (my_robot_bringup) StdoutLine: {'line': b'-- Symlinking: /home/fog/ros2_ws/install/my_robot_bringup/share/my_robot_bringup/environment/ament_prefix_path.sh\n'}
[2.192018] (my_robot_bringup) StdoutLine: {'line': b'-- Symlinking: /home/fog/ros2_ws/install/my_robot_bringup/share/my_robot_bringup/environment/ament_prefix_path.dsv\n'}
[2.203085] (my_robot_bringup) StdoutLine: {'line': b'-- Symlinking: /home/fog/ros2_ws/install/my_robot_bringup/share/my_robot_bringup/environment/path.sh\n'}
[2.206397] (-) TimerEvent: {}
[2.214004] (my_robot_bringup) StdoutLine: {'line': b'-- Symlinking: /home/fog/ros2_ws/install/my_robot_bringup/share/my_robot_bringup/environment/path.dsv\n'}
[2.225346] (my_robot_bringup) StdoutLine: {'line': b'-- Symlinking: /home/fog/ros2_ws/install/my_robot_bringup/share/my_robot_bringup/local_setup.bash\n'}
[2.236138] (my_robot_bringup) StdoutLine: {'line': b'-- Symlinking: /home/fog/ros2_ws/install/my_robot_bringup/share/my_robot_bringup/local_setup.sh\n'}
[2.249080] (my_robot_bringup) StdoutLine: {'line': b'-- Symlinking: /home/fog/ros2_ws/install/my_robot_bringup/share/my_robot_bringup/local_setup.zsh\n'}
[2.259788] (my_robot_bringup) StdoutLine: {'line': b'-- Symlinking: /home/fog/ros2_ws/install/my_robot_bringup/share/my_robot_bringup/local_setup.dsv\n'}
[2.271103] (my_robot_bringup) StdoutLine: {'line': b'-- Symlinking: /home/fog/ros2_ws/install/my_robot_bringup/share/my_robot_bringup/package.dsv\n'}
[2.281554] (my_robot_bringup) StdoutLine: {'line': b'-- Symlinking: /home/fog/ros2_ws/install/my_robot_bringup/share/ament_index/resource_index/packages/my_robot_bringup\n'}
[2.293195] (my_robot_bringup) StdoutLine: {'line': b'-- Symlinking: /home/fog/ros2_ws/install/my_robot_bringup/share/my_robot_bringup/cmake/my_robot_bringupConfig.cmake\n'}
[2.304527] (my_robot_bringup) StdoutLine: {'line': b'-- Symlinking: /home/fog/ros2_ws/install/my_robot_bringup/share/my_robot_bringup/cmake/my_robot_bringupConfig-version.cmake\n'}
[2.306852] (-) TimerEvent: {}
[2.315514] (my_robot_bringup) StdoutLine: {'line': b'-- Symlinking: /home/fog/ros2_ws/install/my_robot_bringup/share/my_robot_bringup/package.xml\n'}
[2.329349] (my_robot_bringup) CommandEnded: {'returncode': 0}
[2.341053] (my_robot_bringup) JobEnded: {'identifier': 'my_robot_bringup', 'rc': 0}
[2.350839] (my_robot_interfaces) StdoutLine: {'line': b'running egg_info\n'}
[2.351286] (my_robot_interfaces) StdoutLine: {'line': b'creating my_robot_interfaces.egg-info\n'}
[2.351411] (my_robot_interfaces) StdoutLine: {'line': b'writing my_robot_interfaces.egg-info/PKG-INFO\n'}
[2.352144] (my_robot_interfaces) StdoutLine: {'line': b'writing dependency_links to my_robot_interfaces.egg-info/dependency_links.txt\n'}
[2.352270] (my_robot_interfaces) StdoutLine: {'line': b'writing top-level names to my_robot_interfaces.egg-info/top_level.txt\n'}
[2.352344] (my_robot_interfaces) StdoutLine: {'line': b"writing manifest file 'my_robot_interfaces.egg-info/SOURCES.txt'\n"}
[2.353613] (my_robot_interfaces) StdoutLine: {'line': b"reading manifest file 'my_robot_interfaces.egg-info/SOURCES.txt'\n"}
[2.354121] (my_robot_interfaces) StdoutLine: {'line': b"writing manifest file 'my_robot_interfaces.egg-info/SOURCES.txt'\n"}
[2.366305] (my_robot_interfaces) StdoutLine: {'line': b'[  5%] Built target my_robot_interfaces__rs\n'}
[2.381226] (my_robot_interfaces) StdoutLine: {'line': b'[  5%] Built target ament_cmake_python_build_my_robot_interfaces_egg\n'}
[2.406970] (-) TimerEvent: {}
[2.466414] (my_robot_interfaces) StdoutLine: {'line': b'[  5%] Built target my_robot_interfaces__cpp\n'}
[2.469516] (my_robot_interfaces) StdoutLine: {'line': b'[  7%] \x1b[32mBuilding C object CMakeFiles/my_robot_interfaces__rosidl_generator_c.dir/rosidl_generator_c/my_robot_interfaces/msg/detail/weather__functions.c.o\x1b[0m\n'}
[2.469637] (my_robot_interfaces) StdoutLine: {'line': b'[  8%] \x1b[32mBuilding C object CMakeFiles/my_robot_interfaces__rosidl_generator_c.dir/rosidl_generator_c/my_robot_interfaces/msg/detail/turtle__functions.c.o\x1b[0m\n'}
[2.469700] (my_robot_interfaces) StdoutLine: {'line': b'[ 10%] \x1b[32mBuilding C object CMakeFiles/my_robot_interfaces__rosidl_generator_c.dir/rosidl_generator_c/my_robot_interfaces/msg/detail/turtle_array__functions.c.o\x1b[0m\n'}
[2.470364] (my_robot_interfaces) StdoutLine: {'line': b'[ 12%] \x1b[32mBuilding C object CMakeFiles/my_robot_interfaces__rosidl_generator_c.dir/rosidl_generator_c/my_robot_interfaces/srv/detail/addthree_ints__functions.c.o\x1b[0m\n'}
[2.481433] (my_robot_interfaces) StdoutLine: {'line': b'[ 14%] \x1b[34m\x1b[1mGenerating C++ type support dispatch for ROS interfaces\x1b[0m\n'}
[2.481674] (my_robot_interfaces) StdoutLine: {'line': b'[ 16%] \x1b[34m\x1b[1mGenerating C++ type support for eProsima Fast-RTPS\x1b[0m\n'}
[2.481904] (my_robot_interfaces) StdoutLine: {'line': b'[ 17%] \x1b[34m\x1b[1mGenerating C++ introspection for ROS interfaces\x1b[0m\n'}
[2.507202] (-) TimerEvent: {}
[2.534687] (my_robot_interfaces) StdoutLine: {'line': b'[ 19%] \x1b[32m\x1b[1mLinking C shared library libmy_robot_interfaces__rosidl_generator_c.so\x1b[0m\n'}
[2.584975] (my_robot_interfaces) StdoutLine: {'line': b'[ 19%] Built target my_robot_interfaces__rosidl_generator_c\n'}
[2.600399] (my_robot_interfaces) StdoutLine: {'line': b'[ 23%] \x1b[34m\x1b[1mGenerating C type support for eProsima Fast-RTPS\x1b[0m\n'}
[2.600557] (my_robot_interfaces) StdoutLine: {'line': b'[ 25%] \x1b[34m\x1b[1mGenerating C type support dispatch for ROS interfaces\x1b[0m\n'}
[2.600634] (my_robot_interfaces) StdoutLine: {'line': b'[ 23%] \x1b[34m\x1b[1mGenerating C introspection for ROS interfaces\x1b[0m\n'}
[2.607274] (-) TimerEvent: {}
[2.707559] (-) TimerEvent: {}
[2.770148] (my_robot_interfaces) StdoutLine: {'line': b'[ 26%] \x1b[32mBuilding CXX object CMakeFiles/my_robot_interfaces__rosidl_typesupport_cpp.dir/rosidl_typesupport_cpp/my_robot_interfaces/msg/weather__type_support.cpp.o\x1b[0m\n'}
[2.770406] (my_robot_interfaces) StdoutLine: {'line': b'[ 28%] \x1b[32mBuilding CXX object CMakeFiles/my_robot_interfaces__rosidl_typesupport_cpp.dir/rosidl_typesupport_cpp/my_robot_interfaces/srv/addthree_ints__type_support.cpp.o\x1b[0m\n'}
[2.771336] (my_robot_interfaces) StdoutLine: {'line': b'[ 30%] \x1b[32mBuilding CXX object CMakeFiles/my_robot_interfaces__rosidl_typesupport_cpp.dir/rosidl_typesupport_cpp/my_robot_interfaces/msg/turtle_array__type_support.cpp.o\x1b[0m\n'}
[2.771513] (my_robot_interfaces) StdoutLine: {'line': b'[ 32%] \x1b[32mBuilding CXX object CMakeFiles/my_robot_interfaces__rosidl_typesupport_cpp.dir/rosidl_typesupport_cpp/my_robot_interfaces/msg/turtle__type_support.cpp.o\x1b[0m\n'}
[2.807879] (-) TimerEvent: {}
[2.826786] (my_robot_interfaces) StdoutLine: {'line': b'[ 33%] \x1b[32mBuilding CXX object CMakeFiles/my_robot_interfaces__rosidl_typesupport_introspection_cpp.dir/rosidl_typesupport_introspection_cpp/my_robot_interfaces/msg/detail/turtle__type_support.cpp.o\x1b[0m\n'}
[2.831730] (my_robot_interfaces) StdoutLine: {'line': b'[ 35%] \x1b[32mBuilding CXX object CMakeFiles/my_robot_interfaces__rosidl_typesupport_introspection_cpp.dir/rosidl_typesupport_introspection_cpp/my_robot_interfaces/msg/detail/weather__type_support.cpp.o\x1b[0m\n'}
[2.837992] (my_robot_interfaces) StdoutLine: {'line': b'[ 37%] \x1b[32mBuilding CXX object CMakeFiles/my_robot_interfaces__rosidl_typesupport_introspection_cpp.dir/rosidl_typesupport_introspection_cpp/my_robot_interfaces/msg/detail/turtle_array__type_support.cpp.o\x1b[0m\n'}
[2.849337] (my_robot_interfaces) StdoutLine: {'line': b'[ 39%] \x1b[32mBuilding CXX object CMakeFiles/my_robot_interfaces__rosidl_typesupport_introspection_cpp.dir/rosidl_typesupport_introspection_cpp/my_robot_interfaces/srv/detail/addthree_ints__type_support.cpp.o\x1b[0m\n'}
[2.887477] (my_robot_interfaces) StdoutLine: {'line': b'[ 41%] \x1b[32mBuilding CXX object CMakeFiles/my_robot_interfaces__rosidl_typesupport_fastrtps_cpp.dir/rosidl_typesupport_fastrtps_cpp/my_robot_interfaces/msg/detail/dds_fastrtps/weather__type_support.cpp.o\x1b[0m\n'}
[2.899882] (my_robot_interfaces) StdoutLine: {'line': b'[ 42%] \x1b[32mBuilding CXX object CMakeFiles/my_robot_interfaces__rosidl_typesupport_fastrtps_cpp.dir/rosidl_typesupport_fastrtps_cpp/my_robot_interfaces/msg/detail/dds_fastrtps/turtle__type_support.cpp.o\x1b[0m\n'}
[2.905138] (my_robot_interfaces) StdoutLine: {'line': b'[ 44%] \x1b[32mBuilding CXX object CMakeFiles/my_robot_interfaces__rosidl_typesupport_fastrtps_cpp.dir/rosidl_typesupport_fastrtps_cpp/my_robot_interfaces/msg/detail/dds_fastrtps/turtle_array__type_support.cpp.o\x1b[0m\n'}
[2.907225] (my_robot_interfaces) StdoutLine: {'line': b'[ 46%] \x1b[32mBuilding CXX object CMakeFiles/my_robot_interfaces__rosidl_typesupport_fastrtps_cpp.dir/rosidl_typesupport_fastrtps_cpp/my_robot_interfaces/srv/detail/dds_fastrtps/addthree_ints__type_support.cpp.o\x1b[0m\n'}
[2.909184] (-) TimerEvent: {}
[2.930599] (my_robot_interfaces) StdoutLine: {'line': b'[ 48%] \x1b[32mBuilding CXX object CMakeFiles/my_robot_interfaces__rosidl_typesupport_c.dir/rosidl_typesupport_c/my_robot_interfaces/msg/weather__type_support.cpp.o\x1b[0m\n'}
[2.944906] (my_robot_interfaces) StdoutLine: {'line': b'[ 50%] \x1b[32mBuilding CXX object CMakeFiles/my_robot_interfaces__rosidl_typesupport_c.dir/rosidl_typesupport_c/my_robot_interfaces/msg/turtle__type_support.cpp.o\x1b[0m\n'}
[2.992750] (my_robot_interfaces) StdoutLine: {'line': b'[ 51%] \x1b[32mBuilding CXX object CMakeFiles/my_robot_interfaces__rosidl_typesupport_c.dir/rosidl_typesupport_c/my_robot_interfaces/msg/turtle_array__type_support.cpp.o\x1b[0m\n'}
[3.010295] (-) TimerEvent: {}
[3.041026] (my_robot_interfaces) StdoutLine: {'line': b'[ 53%] \x1b[32mBuilding CXX object CMakeFiles/my_robot_interfaces__rosidl_typesupport_c.dir/rosidl_typesupport_c/my_robot_interfaces/srv/addthree_ints__type_support.cpp.o\x1b[0m\n'}
[3.093456] (my_robot_interfaces) StdoutLine: {'line': b'[ 55%] \x1b[32mBuilding CXX object CMakeFiles/my_robot_interfaces__rosidl_typesupport_fastrtps_c.dir/rosidl_typesupport_fastrtps_c/my_robot_interfaces/msg/detail/weather__type_support_c.cpp.o\x1b[0m\n'}
[3.094265] (my_robot_interfaces) StdoutLine: {'line': b'[ 57%] \x1b[32mBuilding C object CMakeFiles/my_robot_interfaces__rosidl_typesupport_introspection_c.dir/rosidl_typesupport_introspection_c/my_robot_interfaces/msg/detail/turtle__type_support.c.o\x1b[0m\n'}
[3.095027] (my_robot_interfaces) StdoutLine: {'line': b'[ 58%] \x1b[32mBuilding C object CMakeFiles/my_robot_interfaces__rosidl_typesupport_introspection_c.dir/rosidl_typesupport_introspection_c/my_robot_interfaces/msg/detail/weather__type_support.c.o\x1b[0m\n'}
[3.101282] (my_robot_interfaces) StdoutLine: {'line': b'[ 60%] \x1b[32m\x1b[1mLinking CXX shared library libmy_robot_interfaces__rosidl_typesupport_c.so\x1b[0m\n'}
[3.107954] (my_robot_interfaces) StdoutLine: {'line': b'[ 62%] \x1b[32mBuilding CXX object CMakeFiles/my_robot_interfaces__rosidl_typesupport_fastrtps_c.dir/rosidl_typesupport_fastrtps_c/my_robot_interfaces/msg/detail/turtle__type_support_c.cpp.o\x1b[0m\n'}
[3.110389] (-) TimerEvent: {}
[3.117356] (my_robot_interfaces) StdoutLine: {'line': b'[ 64%] \x1b[32mBuilding C object CMakeFiles/my_robot_interfaces__rosidl_typesupport_introspection_c.dir/rosidl_typesupport_introspection_c/my_robot_interfaces/msg/detail/turtle_array__type_support.c.o\x1b[0m\n'}
[3.142086] (my_robot_interfaces) StdoutLine: {'line': b'[ 66%] \x1b[32mBuilding CXX object CMakeFiles/my_robot_interfaces__rosidl_typesupport_fastrtps_c.dir/rosidl_typesupport_fastrtps_c/my_robot_interfaces/msg/detail/turtle_array__type_support_c.cpp.o\x1b[0m\n'}
[3.142928] (my_robot_interfaces) StdoutLine: {'line': b'[ 67%] \x1b[32mBuilding C object CMakeFiles/my_robot_interfaces__rosidl_typesupport_introspection_c.dir/rosidl_typesupport_introspection_c/my_robot_interfaces/srv/detail/addthree_ints__type_support.c.o\x1b[0m\n'}
[3.154698] (my_robot_interfaces) StdoutLine: {'line': b'[ 69%] \x1b[32mBuilding CXX object CMakeFiles/my_robot_interfaces__rosidl_typesupport_fastrtps_c.dir/rosidl_typesupport_fastrtps_c/my_robot_interfaces/srv/detail/addthree_ints__type_support_c.cpp.o\x1b[0m\n'}
[3.168409] (my_robot_interfaces) StdoutLine: {'line': b'[ 71%] \x1b[32m\x1b[1mLinking CXX shared library libmy_robot_interfaces__rosidl_typesupport_cpp.so\x1b[0m\n'}
[3.179529] (my_robot_interfaces) StdoutLine: {'line': b'[ 71%] Built target my_robot_interfaces__rosidl_typesupport_c\n'}
[3.196992] (my_robot_interfaces) StdoutLine: {'line': b'[ 73%] \x1b[32m\x1b[1mLinking C shared library libmy_robot_interfaces__rosidl_typesupport_introspection_c.so\x1b[0m\n'}
[3.212320] (-) TimerEvent: {}
[3.228271] (my_robot_interfaces) StdoutLine: {'line': b'[ 73%] Built target my_robot_interfaces__rosidl_typesupport_cpp\n'}
[3.247329] (my_robot_interfaces) StdoutLine: {'line': b'[ 73%] Built target my_robot_interfaces__rosidl_typesupport_introspection_c\n'}
[3.312481] (-) TimerEvent: {}
[3.368277] (my_robot_interfaces) StdoutLine: {'line': b'[ 75%] \x1b[32m\x1b[1mLinking CXX shared library libmy_robot_interfaces__rosidl_typesupport_introspection_cpp.so\x1b[0m\n'}
[3.412657] (-) TimerEvent: {}
[3.424392] (my_robot_interfaces) StdoutLine: {'line': b'[ 76%] \x1b[32m\x1b[1mLinking CXX shared library libmy_robot_interfaces__rosidl_typesupport_fastrtps_cpp.so\x1b[0m\n'}
[3.462714] (my_robot_interfaces) StdoutLine: {'line': b'[ 76%] Built target my_robot_interfaces__rosidl_typesupport_introspection_cpp\n'}
[3.512933] (-) TimerEvent: {}
[3.517188] (my_robot_interfaces) StdoutLine: {'line': b'[ 76%] Built target my_robot_interfaces__rosidl_typesupport_fastrtps_cpp\n'}
[3.530708] (my_robot_interfaces) StdoutLine: {'line': b'[ 78%] \x1b[32m\x1b[1mLinking CXX shared library libmy_robot_interfaces__rosidl_typesupport_fastrtps_c.so\x1b[0m\n'}
[3.613372] (-) TimerEvent: {}
[3.622372] (my_robot_interfaces) StdoutLine: {'line': b'[ 78%] Built target my_robot_interfaces__rosidl_typesupport_fastrtps_c\n'}
[3.654074] (my_robot_interfaces) StdoutLine: {'line': b'[ 78%] Built target my_robot_interfaces\n'}
[3.683340] (my_robot_interfaces) StdoutLine: {'line': b'[ 80%] \x1b[34m\x1b[1mGenerating Python code for ROS interfaces\x1b[0m\n'}
[3.713531] (-) TimerEvent: {}
[3.813963] (-) TimerEvent: {}
[3.914447] (-) TimerEvent: {}
[4.014859] (-) TimerEvent: {}
[4.115266] (-) TimerEvent: {}
[4.187020] (my_robot_interfaces) StdoutLine: {'line': b'[ 80%] Built target my_robot_interfaces__py\n'}
[4.215426] (-) TimerEvent: {}
[4.218389] (my_robot_interfaces) StdoutLine: {'line': b'[ 87%] \x1b[32mBuilding C object CMakeFiles/my_robot_interfaces__rosidl_generator_py.dir/rosidl_generator_py/my_robot_interfaces/msg/_turtle_s.c.o\x1b[0m\n'}
[4.218553] (my_robot_interfaces) StdoutLine: {'line': b'[ 87%] \x1b[32mBuilding C object CMakeFiles/my_robot_interfaces__rosidl_generator_py.dir/rosidl_generator_py/my_robot_interfaces/srv/_addthree_ints_s.c.o\x1b[0m\n'}
[4.218620] (my_robot_interfaces) StdoutLine: {'line': b'[ 87%] \x1b[32mBuilding C object CMakeFiles/my_robot_interfaces__rosidl_generator_py.dir/rosidl_generator_py/my_robot_interfaces/msg/_turtle_array_s.c.o\x1b[0m\n'}
[4.218695] (my_robot_interfaces) StdoutLine: {'line': b'[ 87%] \x1b[32mBuilding C object CMakeFiles/my_robot_interfaces__rosidl_generator_py.dir/rosidl_generator_py/my_robot_interfaces/msg/_weather_s.c.o\x1b[0m\n'}
[4.316186] (-) TimerEvent: {}
[4.333787] (my_robot_interfaces) StdoutLine: {'line': b'[ 89%] \x1b[32m\x1b[1mLinking C shared library rosidl_generator_py/my_robot_interfaces/libmy_robot_interfaces__rosidl_generator_py.so\x1b[0m\n'}
[4.393535] (my_robot_interfaces) StdoutLine: {'line': b'[ 89%] Built target my_robot_interfaces__rosidl_generator_py\n'}
[4.416574] (-) TimerEvent: {}
[4.425974] (my_robot_interfaces) StdoutLine: {'line': b'[ 91%] \x1b[32mBuilding C object CMakeFiles/my_robot_interfaces__rosidl_typesupport_fastrtps_c__pyext.dir/rosidl_generator_py/my_robot_interfaces/_my_robot_interfaces_s.ep.rosidl_typesupport_fastrtps_c.c.o\x1b[0m\n'}
[4.426528] (my_robot_interfaces) StdoutLine: {'line': b'[ 92%] \x1b[32mBuilding C object CMakeFiles/my_robot_interfaces__rosidl_typesupport_introspection_c__pyext.dir/rosidl_generator_py/my_robot_interfaces/_my_robot_interfaces_s.ep.rosidl_typesupport_introspection_c.c.o\x1b[0m\n'}
[4.427724] (my_robot_interfaces) StdoutLine: {'line': b'[ 94%] \x1b[32mBuilding C object CMakeFiles/my_robot_interfaces__rosidl_typesupport_c__pyext.dir/rosidl_generator_py/my_robot_interfaces/_my_robot_interfaces_s.ep.rosidl_typesupport_c.c.o\x1b[0m\n'}
[4.516720] (-) TimerEvent: {}
[4.545676] (my_robot_interfaces) StdoutLine: {'line': b'[ 96%] \x1b[32m\x1b[1mLinking C shared library rosidl_generator_py/my_robot_interfaces/my_robot_interfaces_s__rosidl_typesupport_c.cpython-310-x86_64-linux-gnu.so\x1b[0m\n'}
[4.545880] (my_robot_interfaces) StdoutLine: {'line': b'[ 98%] \x1b[32m\x1b[1mLinking C shared library rosidl_generator_py/my_robot_interfaces/my_robot_interfaces_s__rosidl_typesupport_fastrtps_c.cpython-310-x86_64-linux-gnu.so\x1b[0m\n'}
[4.546091] (my_robot_interfaces) StdoutLine: {'line': b'[100%] \x1b[32m\x1b[1mLinking C shared library rosidl_generator_py/my_robot_interfaces/my_robot_interfaces_s__rosidl_typesupport_introspection_c.cpython-310-x86_64-linux-gnu.so\x1b[0m\n'}
[4.593334] (my_robot_interfaces) StdoutLine: {'line': b'[100%] Built target my_robot_interfaces__rosidl_typesupport_introspection_c__pyext\n'}
[4.593619] (my_robot_interfaces) StdoutLine: {'line': b'[100%] Built target my_robot_interfaces__rosidl_typesupport_fastrtps_c__pyext\n'}
[4.593686] (my_robot_interfaces) StdoutLine: {'line': b'[100%] Built target my_robot_interfaces__rosidl_typesupport_c__pyext\n'}
[4.608937] (my_robot_interfaces) CommandEnded: {'returncode': 0}
[4.609486] (my_robot_interfaces) JobProgress: {'identifier': 'my_robot_interfaces', 'progress': 'install'}
[4.609512] (my_robot_interfaces) Command: {'cmd': ['/usr/bin/cmake', '--install', '/home/fog/ros2_ws/build/my_robot_interfaces'], 'cwd': '/home/fog/ros2_ws/build/my_robot_interfaces', 'env': OrderedDict([('GJS_DEBUG_TOPICS', 'JS ERROR;JS LOG'), ('LESSOPEN', '| /usr/bin/lesspipe %s'), ('LANGUAGE', 'zh_CN:en'), ('USER', 'fog'), ('LC_TIME', 'zh_CN.UTF-8'), ('XDG_SESSION_TYPE', 'x11'), ('SHLVL', '1'), ('LD_LIBRARY_PATH', '/usr/lib/x86_64-linux-gnu/gazebo-11/plugins:/opt/ros/humble/opt/rviz_ogre_vendor/lib:/opt/ros/humble/lib/x86_64-linux-gnu:/opt/ros/humble/lib:/usr/share/gazebo/../../lib/x86_64-linux-gnu/gazebo-11/plugins:'), ('HOME', '/home/fog'), ('OLDPWD', '/home/fog'), ('DESKTOP_SESSION', 'ubuntu'), ('GIO_LAUNCHED_DESKTOP_FILE', '/usr/share/applications/terminator.desktop'), ('GAZEBO_MASTER_URI', 'http://localhost:11345'), ('ROS_PYTHON_VERSION', '3'), ('GNOME_SHELL_SESSION_MODE', 'ubuntu'), ('GTK_MODULES', 'gail:atk-bridge'), ('LC_MONETARY', 'zh_CN.UTF-8'), ('MANAGERPID', '1258'), ('SYSTEMD_EXEC_PID', '1404'), ('DBUS_SESSION_BUS_ADDRESS', 'unix:path=/run/user/1000/bus'), ('COLORTERM', 'truecolor'), ('TERMINATOR_DBUS_NAME', 'net.tenshu.Terminator25ef4b219e3b005583550f2b0f9f990c3'), ('GIO_LAUNCHED_DESKTOP_FILE_PID', '26334'), ('IM_CONFIG_PHASE', '1'), ('WAYLAND_DISPLAY', 'wayland-0'), ('ROS_DISTRO', 'humble'), ('LOGNAME', 'fog'), ('JOURNAL_STREAM', '8:23341'), ('_', '/usr/bin/colcon'), ('ROS_VERSION', '2'), ('XDG_SESSION_CLASS', 'user'), ('USERNAME', 'fog'), ('TERM', 'xterm-256color'), ('GAZEBO_MODEL_PATH', '/usr/share/gazebo/../../share/gazebo-11/models::/opt/ros/humble/share/turtlebot3_gazebo/models'), ('GNOME_DESKTOP_SESSION_ID', 'this-is-deprecated'), ('ROS_LOCALHOST_ONLY', '0'), ('OGRE_RESOURCE_PATH', '/usr/lib/x86_64-linux-gnu/OGRE-1.9.0'), ('PATH', '/opt/ros/humble/bin:/usr/local/sbin:/usr/local/bin:/usr/sbin:/usr/bin:/sbin:/bin:/usr/games:/usr/local/games:/snap/bin:/snap/bin'), ('SESSION_MANAGER', 'local/fog:@/tmp/.ICE-unix/1371,unix/fog:/tmp/.ICE-unix/1371'), ('INVOCATION_ID', '304372798fba4ccabd80b8e4596a5595'), ('PAPERSIZE', 'a4'), ('XDG_MENU_PREFIX', 'gnome-'), ('LC_ADDRESS', 'zh_CN.UTF-8'), ('GNOME_SETUP_DISPLAY', ':1'), ('XDG_RUNTIME_DIR', '/run/user/1000'), ('DISPLAY', ':0'), ('TERMINATOR_DBUS_PATH', '/net/tenshu/Terminator2'), ('LANG', 'zh_CN.UTF-8'), ('XDG_CURRENT_DESKTOP', 'ubuntu:GNOME'), ('IBUS_DISABLE_SNOOPER', '1'), ('LC_TELEPHONE', 'zh_CN.UTF-8'), ('XMODIFIERS', '@im=ibus'), ('XDG_SESSION_DESKTOP', 'ubuntu'), ('XAUTHORITY', '/run/user/1000/.mutter-Xwaylandauth.A0F5N3'), ('LS_COLORS', 'rs=0:di=01;34:ln=01;36:mh=00:pi=40;33:so=01;35:do=01;35:bd=40;33;01:cd=40;33;01:or=40;31;01:mi=00:su=37;41:sg=30;43:ca=30;41:tw=30;42:ow=34;42:st=37;44:ex=01;32:*.tar=01;31:*.tgz=01;31:*.arc=01;31:*.arj=01;31:*.taz=01;31:*.lha=01;31:*.lz4=01;31:*.lzh=01;31:*.lzma=01;31:*.tlz=01;31:*.txz=01;31:*.tzo=01;31:*.t7z=01;31:*.zip=01;31:*.z=01;31:*.dz=01;31:*.gz=01;31:*.lrz=01;31:*.lz=01;31:*.lzo=01;31:*.xz=01;31:*.zst=01;31:*.tzst=01;31:*.bz2=01;31:*.bz=01;31:*.tbz=01;31:*.tbz2=01;31:*.tz=01;31:*.deb=01;31:*.rpm=01;31:*.jar=01;31:*.war=01;31:*.ear=01;31:*.sar=01;31:*.rar=01;31:*.alz=01;31:*.ace=01;31:*.zoo=01;31:*.cpio=01;31:*.7z=01;31:*.rz=01;31:*.cab=01;31:*.wim=01;31:*.swm=01;31:*.dwm=01;31:*.esd=01;31:*.jpg=01;35:*.jpeg=01;35:*.mjpg=01;35:*.mjpeg=01;35:*.gif=01;35:*.bmp=01;35:*.pbm=01;35:*.pgm=01;35:*.ppm=01;35:*.tga=01;35:*.xbm=01;35:*.xpm=01;35:*.tif=01;35:*.tiff=01;35:*.png=01;35:*.svg=01;35:*.svgz=01;35:*.mng=01;35:*.pcx=01;35:*.mov=01;35:*.mpg=01;35:*.mpeg=01;35:*.m2v=01;35:*.mkv=01;35:*.webm=01;35:*.webp=01;35:*.ogm=01;35:*.mp4=01;35:*.m4v=01;35:*.mp4v=01;35:*.vob=01;35:*.qt=01;35:*.nuv=01;35:*.wmv=01;35:*.asf=01;35:*.rm=01;35:*.rmvb=01;35:*.flc=01;35:*.avi=01;35:*.fli=01;35:*.flv=01;35:*.gl=01;35:*.dl=01;35:*.xcf=01;35:*.xwd=01;35:*.yuv=01;35:*.cgm=01;35:*.emf=01;35:*.ogv=01;35:*.ogx=01;35:*.aac=00;36:*.au=00;36:*.flac=00;36:*.m4a=00;36:*.mid=00;36:*.midi=00;36:*.mka=00;36:*.mp3=00;36:*.mpc=00;36:*.ogg=00;36:*.ra=00;36:*.wav=00;36:*.oga=00;36:*.opus=00;36:*.spx=00;36:*.xspf=00;36:'), ('SSH_AGENT_LAUNCHER', 'gnome-keyring'), ('SSH_AUTH_SOCK', '/run/user/1000/keyring/ssh'), ('AMENT_PREFIX_PATH', '/opt/ros/humble'), ('SHELL', '/bin/bash'), ('LC_NAME', 'zh_CN.UTF-8'), ('TERMINATOR_UUID', 'urn:uuid:efce3c67-47cc-4704-9d69-3c5d2cc2e916'), ('QT_ACCESSIBILITY', '1'), ('GDMSESSION', 'ubuntu'), ('LESSCLOSE', '/usr/bin/lesspipe %s %s'), ('LC_MEASUREMENT', 'zh_CN.UTF-8'), ('GAZEBO_RESOURCE_PATH', '/usr/share/gazebo/../../share/gazebo-11:'), ('GJS_DEBUG_OUTPUT', 'stderr'), ('LC_IDENTIFICATION', 'zh_CN.UTF-8'), ('GAZEBO_MODEL_DATABASE_URI', 'http://models.gazebosim.org'), ('QT_IM_MODULE', 'ibus'), ('PWD', '/home/fog/ros2_ws/build/my_robot_interfaces'), ('QT_QPA_PLATFORM', 'xcb'), ('TURTLEBOT3_MODEL', 'burger'), ('XDG_CONFIG_DIRS', '/etc/xdg/xdg-ubuntu:/etc/xdg'), ('GAZEBO_PLUGIN_PATH', '/usr/share/gazebo/../../lib/x86_64-linux-gnu/gazebo-11/plugins:'), ('XDG_DATA_DIRS', '/usr/share/ubuntu:/usr/local/share/:/usr/share/:/var/lib/snapd/desktop'), ('PYTHONPATH', '/opt/ros/humble/lib/python3.10/site-packages:/opt/ros/humble/local/lib/python3.10/dist-packages'), ('LC_NUMERIC', 'zh_CN.UTF-8'), ('LC_PAPER', 'zh_CN.UTF-8'), ('COLCON', '1'), ('VTE_VERSION', '6800'), ('CMAKE_PREFIX_PATH', '/opt/ros/humble')]), 'shell': False}
[4.617323] (-) TimerEvent: {}
[4.620550] (my_robot_interfaces) StdoutLine: {'line': b'-- Install configuration: ""\n'}
[4.621181] (my_robot_interfaces) StdoutLine: {'line': b'-- Execute custom install script\n'}
[4.621527] (my_robot_interfaces) StdoutLine: {'line': b'-- Symlinking: /home/fog/ros2_ws/install/my_robot_interfaces/share/ament_index/resource_index/rosidl_interfaces/my_robot_interfaces\n'}
[4.633459] (my_robot_interfaces) StdoutLine: {'line': b'-- Symlinking: /home/fog/ros2_ws/install/my_robot_interfaces/include/my_robot_interfaces/my_robot_interfaces/msg/detail/turtle__functions.h\n'}
[4.644505] (my_robot_interfaces) StdoutLine: {'line': b'-- Symlinking: /home/fog/ros2_ws/install/my_robot_interfaces/include/my_robot_interfaces/my_robot_interfaces/msg/detail/turtle__struct.h\n'}
[4.657621] (my_robot_interfaces) StdoutLine: {'line': b'-- Symlinking: /home/fog/ros2_ws/install/my_robot_interfaces/include/my_robot_interfaces/my_robot_interfaces/msg/detail/turtle__type_support.h\n'}
[4.670462] (my_robot_interfaces) StdoutLine: {'line': b'-- Symlinking: /home/fog/ros2_ws/install/my_robot_interfaces/include/my_robot_interfaces/my_robot_interfaces/msg/detail/turtle_array__functions.h\n'}
[4.683089] (my_robot_interfaces) StdoutLine: {'line': b'-- Symlinking: /home/fog/ros2_ws/install/my_robot_interfaces/include/my_robot_interfaces/my_robot_interfaces/msg/detail/turtle_array__struct.h\n'}
[4.694148] (my_robot_interfaces) StdoutLine: {'line': b'-- Symlinking: /home/fog/ros2_ws/install/my_robot_interfaces/include/my_robot_interfaces/my_robot_interfaces/msg/detail/turtle_array__type_support.h\n'}
[4.705583] (my_robot_interfaces) StdoutLine: {'line': b'-- Symlinking: /home/fog/ros2_ws/install/my_robot_interfaces/include/my_robot_interfaces/my_robot_interfaces/msg/detail/weather__functions.h\n'}
[4.716555] (my_robot_interfaces) StdoutLine: {'line': b'-- Symlinking: /home/fog/ros2_ws/install/my_robot_interfaces/include/my_robot_interfaces/my_robot_interfaces/msg/detail/weather__struct.h\n'}
[4.717818] (-) TimerEvent: {}
[4.726946] (my_robot_interfaces) StdoutLine: {'line': b'-- Symlinking: /home/fog/ros2_ws/install/my_robot_interfaces/include/my_robot_interfaces/my_robot_interfaces/msg/detail/weather__type_support.h\n'}
[4.737994] (my_robot_interfaces) StdoutLine: {'line': b'-- Symlinking: /home/fog/ros2_ws/install/my_robot_interfaces/include/my_robot_interfaces/my_robot_interfaces/msg/rosidl_generator_c__visibility_control.h\n'}
[4.750349] (my_robot_interfaces) StdoutLine: {'line': b'-- Symlinking: /home/fog/ros2_ws/install/my_robot_interfaces/include/my_robot_interfaces/my_robot_interfaces/msg/turtle.h\n'}
[4.761581] (my_robot_interfaces) StdoutLine: {'line': b'-- Symlinking: /home/fog/ros2_ws/install/my_robot_interfaces/include/my_robot_interfaces/my_robot_interfaces/msg/turtle_array.h\n'}
[4.771925] (my_robot_interfaces) StdoutLine: {'line': b'-- Symlinking: /home/fog/ros2_ws/install/my_robot_interfaces/include/my_robot_interfaces/my_robot_interfaces/msg/weather.h\n'}
[4.783764] (my_robot_interfaces) StdoutLine: {'line': b'-- Symlinking: /home/fog/ros2_ws/install/my_robot_interfaces/include/my_robot_interfaces/my_robot_interfaces/srv/addthree_ints.h\n'}
[4.795130] (my_robot_interfaces) StdoutLine: {'line': b'-- Symlinking: /home/fog/ros2_ws/install/my_robot_interfaces/include/my_robot_interfaces/my_robot_interfaces/srv/detail/addthree_ints__functions.h\n'}
[4.805871] (my_robot_interfaces) StdoutLine: {'line': b'-- Symlinking: /home/fog/ros2_ws/install/my_robot_interfaces/include/my_robot_interfaces/my_robot_interfaces/srv/detail/addthree_ints__struct.h\n'}
[4.816426] (my_robot_interfaces) StdoutLine: {'line': b'-- Symlinking: /home/fog/ros2_ws/install/my_robot_interfaces/include/my_robot_interfaces/my_robot_interfaces/srv/detail/addthree_ints__type_support.h\n'}
[4.818055] (-) TimerEvent: {}
[4.827699] (my_robot_interfaces) StdoutLine: {'line': b'-- Symlinking: /home/fog/ros2_ws/install/my_robot_interfaces/share/my_robot_interfaces/environment/library_path.sh\n'}
[4.838309] (my_robot_interfaces) StdoutLine: {'line': b'-- Symlinking: /home/fog/ros2_ws/install/my_robot_interfaces/share/my_robot_interfaces/environment/library_path.dsv\n'}
[4.849089] (my_robot_interfaces) StdoutLine: {'line': b'-- Symlinking: /home/fog/ros2_ws/install/my_robot_interfaces/include/my_robot_interfaces/my_robot_interfaces/msg/detail/turtle__rosidl_typesupport_fastrtps_c.h\n'}
[4.862063] (my_robot_interfaces) StdoutLine: {'line': b'-- Symlinking: /home/fog/ros2_ws/install/my_robot_interfaces/include/my_robot_interfaces/my_robot_interfaces/msg/detail/turtle_array__rosidl_typesupport_fastrtps_c.h\n'}
[4.873294] (my_robot_interfaces) StdoutLine: {'line': b'-- Symlinking: /home/fog/ros2_ws/install/my_robot_interfaces/include/my_robot_interfaces/my_robot_interfaces/msg/detail/weather__rosidl_typesupport_fastrtps_c.h\n'}
[4.884751] (my_robot_interfaces) StdoutLine: {'line': b'-- Symlinking: /home/fog/ros2_ws/install/my_robot_interfaces/include/my_robot_interfaces/my_robot_interfaces/msg/rosidl_typesupport_fastrtps_c__visibility_control.h\n'}
[4.895502] (my_robot_interfaces) StdoutLine: {'line': b'-- Symlinking: /home/fog/ros2_ws/install/my_robot_interfaces/include/my_robot_interfaces/my_robot_interfaces/srv/detail/addthree_ints__rosidl_typesupport_fastrtps_c.h\n'}
[4.907352] (my_robot_interfaces) StdoutLine: {'line': b'-- Symlinking: /home/fog/ros2_ws/install/my_robot_interfaces/include/my_robot_interfaces/my_robot_interfaces/msg/detail/turtle__rosidl_typesupport_introspection_c.h\n'}
[4.918442] (my_robot_interfaces) StdoutLine: {'line': b'-- Symlinking: /home/fog/ros2_ws/install/my_robot_interfaces/include/my_robot_interfaces/my_robot_interfaces/msg/detail/turtle_array__rosidl_typesupport_introspection_c.h\n'}
[4.918584] (-) TimerEvent: {}
[4.929278] (my_robot_interfaces) StdoutLine: {'line': b'-- Symlinking: /home/fog/ros2_ws/install/my_robot_interfaces/include/my_robot_interfaces/my_robot_interfaces/msg/detail/weather__rosidl_typesupport_introspection_c.h\n'}
[4.940391] (my_robot_interfaces) StdoutLine: {'line': b'-- Symlinking: /home/fog/ros2_ws/install/my_robot_interfaces/include/my_robot_interfaces/my_robot_interfaces/msg/rosidl_typesupport_introspection_c__visibility_control.h\n'}
[4.952403] (my_robot_interfaces) StdoutLine: {'line': b'-- Symlinking: /home/fog/ros2_ws/install/my_robot_interfaces/include/my_robot_interfaces/my_robot_interfaces/srv/detail/addthree_ints__rosidl_typesupport_introspection_c.h\n'}
[4.964561] (my_robot_interfaces) StdoutLine: {'line': b'-- Symlinking: /home/fog/ros2_ws/install/my_robot_interfaces/include/my_robot_interfaces/my_robot_interfaces/msg/detail/turtle__builder.hpp\n'}
[4.975345] (my_robot_interfaces) StdoutLine: {'line': b'-- Symlinking: /home/fog/ros2_ws/install/my_robot_interfaces/include/my_robot_interfaces/my_robot_interfaces/msg/detail/turtle__struct.hpp\n'}
[4.986886] (my_robot_interfaces) StdoutLine: {'line': b'-- Symlinking: /home/fog/ros2_ws/install/my_robot_interfaces/include/my_robot_interfaces/my_robot_interfaces/msg/detail/turtle__traits.hpp\n'}
[4.999581] (my_robot_interfaces) StdoutLine: {'line': b'-- Symlinking: /home/fog/ros2_ws/install/my_robot_interfaces/include/my_robot_interfaces/my_robot_interfaces/msg/detail/turtle__type_support.hpp\n'}
[5.011562] (my_robot_interfaces) StdoutLine: {'line': b'-- Symlinking: /home/fog/ros2_ws/install/my_robot_interfaces/include/my_robot_interfaces/my_robot_interfaces/msg/detail/turtle_array__builder.hpp\n'}
[5.018880] (-) TimerEvent: {}
[5.023680] (my_robot_interfaces) StdoutLine: {'line': b'-- Symlinking: /home/fog/ros2_ws/install/my_robot_interfaces/include/my_robot_interfaces/my_robot_interfaces/msg/detail/turtle_array__struct.hpp\n'}
[5.034360] (my_robot_interfaces) StdoutLine: {'line': b'-- Symlinking: /home/fog/ros2_ws/install/my_robot_interfaces/include/my_robot_interfaces/my_robot_interfaces/msg/detail/turtle_array__traits.hpp\n'}
[5.045091] (my_robot_interfaces) StdoutLine: {'line': b'-- Symlinking: /home/fog/ros2_ws/install/my_robot_interfaces/include/my_robot_interfaces/my_robot_interfaces/msg/detail/turtle_array__type_support.hpp\n'}
[5.057609] (my_robot_interfaces) StdoutLine: {'line': b'-- Symlinking: /home/fog/ros2_ws/install/my_robot_interfaces/include/my_robot_interfaces/my_robot_interfaces/msg/detail/weather__builder.hpp\n'}
[5.068511] (my_robot_interfaces) StdoutLine: {'line': b'-- Symlinking: /home/fog/ros2_ws/install/my_robot_interfaces/include/my_robot_interfaces/my_robot_interfaces/msg/detail/weather__struct.hpp\n'}
[5.078940] (my_robot_interfaces) StdoutLine: {'line': b'-- Symlinking: /home/fog/ros2_ws/install/my_robot_interfaces/include/my_robot_interfaces/my_robot_interfaces/msg/detail/weather__traits.hpp\n'}
[5.089544] (my_robot_interfaces) StdoutLine: {'line': b'-- Symlinking: /home/fog/ros2_ws/install/my_robot_interfaces/include/my_robot_interfaces/my_robot_interfaces/msg/detail/weather__type_support.hpp\n'}
[5.100025] (my_robot_interfaces) StdoutLine: {'line': b'-- Symlinking: /home/fog/ros2_ws/install/my_robot_interfaces/include/my_robot_interfaces/my_robot_interfaces/msg/rosidl_generator_cpp__visibility_control.hpp\n'}
[5.110768] (my_robot_interfaces) StdoutLine: {'line': b'-- Symlinking: /home/fog/ros2_ws/install/my_robot_interfaces/include/my_robot_interfaces/my_robot_interfaces/msg/turtle.hpp\n'}
[5.119106] (-) TimerEvent: {}
[5.121673] (my_robot_interfaces) StdoutLine: {'line': b'-- Symlinking: /home/fog/ros2_ws/install/my_robot_interfaces/include/my_robot_interfaces/my_robot_interfaces/msg/turtle_array.hpp\n'}
[5.132418] (my_robot_interfaces) StdoutLine: {'line': b'-- Symlinking: /home/fog/ros2_ws/install/my_robot_interfaces/include/my_robot_interfaces/my_robot_interfaces/msg/weather.hpp\n'}
[5.144465] (my_robot_interfaces) StdoutLine: {'line': b'-- Symlinking: /home/fog/ros2_ws/install/my_robot_interfaces/include/my_robot_interfaces/my_robot_interfaces/srv/addthree_ints.hpp\n'}
[5.155507] (my_robot_interfaces) StdoutLine: {'line': b'-- Symlinking: /home/fog/ros2_ws/install/my_robot_interfaces/include/my_robot_interfaces/my_robot_interfaces/srv/detail/addthree_ints__builder.hpp\n'}
[5.168604] (my_robot_interfaces) StdoutLine: {'line': b'-- Symlinking: /home/fog/ros2_ws/install/my_robot_interfaces/include/my_robot_interfaces/my_robot_interfaces/srv/detail/addthree_ints__struct.hpp\n'}
[5.179433] (my_robot_interfaces) StdoutLine: {'line': b'-- Symlinking: /home/fog/ros2_ws/install/my_robot_interfaces/include/my_robot_interfaces/my_robot_interfaces/srv/detail/addthree_ints__traits.hpp\n'}
[5.190377] (my_robot_interfaces) StdoutLine: {'line': b'-- Symlinking: /home/fog/ros2_ws/install/my_robot_interfaces/include/my_robot_interfaces/my_robot_interfaces/srv/detail/addthree_ints__type_support.hpp\n'}
[5.201502] (my_robot_interfaces) StdoutLine: {'line': b'-- Symlinking: /home/fog/ros2_ws/install/my_robot_interfaces/include/my_robot_interfaces/my_robot_interfaces/msg/detail/turtle__rosidl_typesupport_fastrtps_cpp.hpp\n'}
[5.212314] (my_robot_interfaces) StdoutLine: {'line': b'-- Symlinking: /home/fog/ros2_ws/install/my_robot_interfaces/include/my_robot_interfaces/my_robot_interfaces/msg/detail/turtle_array__rosidl_typesupport_fastrtps_cpp.hpp\n'}
[5.219241] (-) TimerEvent: {}
[5.223000] (my_robot_interfaces) StdoutLine: {'line': b'-- Symlinking: /home/fog/ros2_ws/install/my_robot_interfaces/include/my_robot_interfaces/my_robot_interfaces/msg/detail/weather__rosidl_typesupport_fastrtps_cpp.hpp\n'}
[5.233893] (my_robot_interfaces) StdoutLine: {'line': b'-- Symlinking: /home/fog/ros2_ws/install/my_robot_interfaces/include/my_robot_interfaces/my_robot_interfaces/msg/rosidl_typesupport_fastrtps_cpp__visibility_control.h\n'}
[5.244233] (my_robot_interfaces) StdoutLine: {'line': b'-- Symlinking: /home/fog/ros2_ws/install/my_robot_interfaces/include/my_robot_interfaces/my_robot_interfaces/srv/detail/addthree_ints__rosidl_typesupport_fastrtps_cpp.hpp\n'}
[5.257087] (my_robot_interfaces) StdoutLine: {'line': b'-- Symlinking: /home/fog/ros2_ws/install/my_robot_interfaces/include/my_robot_interfaces/my_robot_interfaces/msg/detail/turtle__rosidl_typesupport_introspection_cpp.hpp\n'}
[5.268351] (my_robot_interfaces) StdoutLine: {'line': b'-- Symlinking: /home/fog/ros2_ws/install/my_robot_interfaces/include/my_robot_interfaces/my_robot_interfaces/msg/detail/turtle_array__rosidl_typesupport_introspection_cpp.hpp\n'}
[5.279303] (my_robot_interfaces) StdoutLine: {'line': b'-- Symlinking: /home/fog/ros2_ws/install/my_robot_interfaces/include/my_robot_interfaces/my_robot_interfaces/msg/detail/weather__rosidl_typesupport_introspection_cpp.hpp\n'}
[5.290075] (my_robot_interfaces) StdoutLine: {'line': b'-- Symlinking: /home/fog/ros2_ws/install/my_robot_interfaces/include/my_robot_interfaces/my_robot_interfaces/srv/detail/addthree_ints__rosidl_typesupport_introspection_cpp.hpp\n'}
[5.300454] (my_robot_interfaces) StdoutLine: {'line': b'-- Symlinking: /home/fog/ros2_ws/install/my_robot_interfaces/share/my_robot_interfaces/environment/pythonpath.sh\n'}
[5.311516] (my_robot_interfaces) StdoutLine: {'line': b'-- Symlinking: /home/fog/ros2_ws/install/my_robot_interfaces/share/my_robot_interfaces/environment/pythonpath.dsv\n'}
[5.319363] (-) TimerEvent: {}
[5.322577] (my_robot_interfaces) StdoutLine: {'line': b'-- Symlinking: /home/fog/ros2_ws/install/my_robot_interfaces/local/lib/python3.10/dist-packages/my_robot_interfaces-0.0.0-py3.10.egg-info/PKG-INFO\n'}
[5.332769] (my_robot_interfaces) StdoutLine: {'line': b'-- Symlinking: /home/fog/ros2_ws/install/my_robot_interfaces/local/lib/python3.10/dist-packages/my_robot_interfaces-0.0.0-py3.10.egg-info/SOURCES.txt\n'}
[5.343451] (my_robot_interfaces) StdoutLine: {'line': b'-- Symlinking: /home/fog/ros2_ws/install/my_robot_interfaces/local/lib/python3.10/dist-packages/my_robot_interfaces-0.0.0-py3.10.egg-info/dependency_links.txt\n'}
[5.354205] (my_robot_interfaces) StdoutLine: {'line': b'-- Symlinking: /home/fog/ros2_ws/install/my_robot_interfaces/local/lib/python3.10/dist-packages/my_robot_interfaces-0.0.0-py3.10.egg-info/top_level.txt\n'}
[5.366698] (my_robot_interfaces) StdoutLine: {'line': b'-- Symlinking: /home/fog/ros2_ws/install/my_robot_interfaces/local/lib/python3.10/dist-packages/my_robot_interfaces/__init__.py\n'}
[5.377764] (my_robot_interfaces) StdoutLine: {'line': b'-- Symlinking: /home/fog/ros2_ws/install/my_robot_interfaces/local/lib/python3.10/dist-packages/my_robot_interfaces/_my_robot_interfaces_s.ep.rosidl_typesupport_c.c\n'}
[5.389668] (my_robot_interfaces) StdoutLine: {'line': b'-- Symlinking: /home/fog/ros2_ws/install/my_robot_interfaces/local/lib/python3.10/dist-packages/my_robot_interfaces/_my_robot_interfaces_s.ep.rosidl_typesupport_fastrtps_c.c\n'}
[5.399856] (my_robot_interfaces) StdoutLine: {'line': b'-- Symlinking: /home/fog/ros2_ws/install/my_robot_interfaces/local/lib/python3.10/dist-packages/my_robot_interfaces/_my_robot_interfaces_s.ep.rosidl_typesupport_introspection_c.c\n'}
[5.410941] (my_robot_interfaces) StdoutLine: {'line': b'-- Symlinking: /home/fog/ros2_ws/install/my_robot_interfaces/local/lib/python3.10/dist-packages/my_robot_interfaces/libmy_robot_interfaces__rosidl_generator_py.so\n'}
[5.419520] (-) TimerEvent: {}
[5.421426] (my_robot_interfaces) StdoutLine: {'line': b'-- Symlinking: /home/fog/ros2_ws/install/my_robot_interfaces/local/lib/python3.10/dist-packages/my_robot_interfaces/msg/__init__.py\n'}
[5.432639] (my_robot_interfaces) StdoutLine: {'line': b'-- Symlinking: /home/fog/ros2_ws/install/my_robot_interfaces/local/lib/python3.10/dist-packages/my_robot_interfaces/msg/_turtle.py\n'}
[5.443055] (my_robot_interfaces) StdoutLine: {'line': b'-- Symlinking: /home/fog/ros2_ws/install/my_robot_interfaces/local/lib/python3.10/dist-packages/my_robot_interfaces/msg/_turtle_array.py\n'}
[5.453397] (my_robot_interfaces) StdoutLine: {'line': b'-- Symlinking: /home/fog/ros2_ws/install/my_robot_interfaces/local/lib/python3.10/dist-packages/my_robot_interfaces/msg/_turtle_array_s.c\n'}
[5.464945] (my_robot_interfaces) StdoutLine: {'line': b'-- Symlinking: /home/fog/ros2_ws/install/my_robot_interfaces/local/lib/python3.10/dist-packages/my_robot_interfaces/msg/_turtle_s.c\n'}
[5.476987] (my_robot_interfaces) StdoutLine: {'line': b'-- Symlinking: /home/fog/ros2_ws/install/my_robot_interfaces/local/lib/python3.10/dist-packages/my_robot_interfaces/msg/_weather.py\n'}
[5.487601] (my_robot_interfaces) StdoutLine: {'line': b'-- Symlinking: /home/fog/ros2_ws/install/my_robot_interfaces/local/lib/python3.10/dist-packages/my_robot_interfaces/msg/_weather_s.c\n'}
[5.498763] (my_robot_interfaces) StdoutLine: {'line': b'-- Symlinking: /home/fog/ros2_ws/install/my_robot_interfaces/local/lib/python3.10/dist-packages/my_robot_interfaces/my_robot_interfaces_s__rosidl_typesupport_c.cpython-310-x86_64-linux-gnu.so\n'}
[5.509505] (my_robot_interfaces) StdoutLine: {'line': b'-- Symlinking: /home/fog/ros2_ws/install/my_robot_interfaces/local/lib/python3.10/dist-packages/my_robot_interfaces/my_robot_interfaces_s__rosidl_typesupport_fastrtps_c.cpython-310-x86_64-linux-gnu.so\n'}
[5.519793] (-) TimerEvent: {}
[5.520420] (my_robot_interfaces) StdoutLine: {'line': b'-- Symlinking: /home/fog/ros2_ws/install/my_robot_interfaces/local/lib/python3.10/dist-packages/my_robot_interfaces/my_robot_interfaces_s__rosidl_typesupport_introspection_c.cpython-310-x86_64-linux-gnu.so\n'}
[5.531588] (my_robot_interfaces) StdoutLine: {'line': b'-- Symlinking: /home/fog/ros2_ws/install/my_robot_interfaces/local/lib/python3.10/dist-packages/my_robot_interfaces/srv/__init__.py\n'}
[5.543230] (my_robot_interfaces) StdoutLine: {'line': b'-- Symlinking: /home/fog/ros2_ws/install/my_robot_interfaces/local/lib/python3.10/dist-packages/my_robot_interfaces/srv/_addthree_ints.py\n'}
[5.555758] (my_robot_interfaces) StdoutLine: {'line': b'-- Symlinking: /home/fog/ros2_ws/install/my_robot_interfaces/local/lib/python3.10/dist-packages/my_robot_interfaces/srv/_addthree_ints_s.c\n'}
[5.567558] (my_robot_interfaces) StdoutLine: {'line': b'-- Up-to-date symlink: /home/fog/ros2_ws/install/my_robot_interfaces/local/lib/python3.10/dist-packages/my_robot_interfaces/my_robot_interfaces_s__rosidl_typesupport_fastrtps_c.cpython-310-x86_64-linux-gnu.so\n'}
[5.567666] (my_robot_interfaces) StdoutLine: {'line': b'-- Up-to-date symlink: /home/fog/ros2_ws/install/my_robot_interfaces/local/lib/python3.10/dist-packages/my_robot_interfaces/my_robot_interfaces_s__rosidl_typesupport_introspection_c.cpython-310-x86_64-linux-gnu.so\n'}
[5.567878] (my_robot_interfaces) StdoutLine: {'line': b'-- Up-to-date symlink: /home/fog/ros2_ws/install/my_robot_interfaces/local/lib/python3.10/dist-packages/my_robot_interfaces/my_robot_interfaces_s__rosidl_typesupport_c.cpython-310-x86_64-linux-gnu.so\n'}
[5.568169] (my_robot_interfaces) StdoutLine: {'line': b'-- Symlinking: /home/fog/ros2_ws/install/my_robot_interfaces/share/ament_index/resource_index/rust_packages/my_robot_interfaces\n'}
[5.580528] (my_robot_interfaces) StdoutLine: {'line': b'-- Symlinking: /home/fog/ros2_ws/install/my_robot_interfaces/share/my_robot_interfaces/rust/Cargo.toml\n'}
[5.592338] (my_robot_interfaces) StdoutLine: {'line': b'-- Symlinking: /home/fog/ros2_ws/install/my_robot_interfaces/share/my_robot_interfaces/rust/build.rs\n'}
[5.605215] (my_robot_interfaces) StdoutLine: {'line': b'-- Symlinking: /home/fog/ros2_ws/install/my_robot_interfaces/share/my_robot_interfaces/rust/src/lib.rs\n'}
[5.617266] (my_robot_interfaces) StdoutLine: {'line': b'-- Symlinking: /home/fog/ros2_ws/install/my_robot_interfaces/share/my_robot_interfaces/rust/src/msg.rs\n'}
[5.619929] (-) TimerEvent: {}
[5.628799] (my_robot_interfaces) StdoutLine: {'line': b'-- Symlinking: /home/fog/ros2_ws/install/my_robot_interfaces/share/my_robot_interfaces/rust/src/msg/rmw.rs\n'}
[5.639538] (my_robot_interfaces) StdoutLine: {'line': b'-- Symlinking: /home/fog/ros2_ws/install/my_robot_interfaces/share/my_robot_interfaces/rust/src/srv.rs\n'}
[5.650990] (my_robot_interfaces) StdoutLine: {'line': b'-- Symlinking: /home/fog/ros2_ws/install/my_robot_interfaces/share/my_robot_interfaces/rust/src/srv/rmw.rs\n'}
[5.663354] (my_robot_interfaces) StdoutLine: {'line': b'-- Symlinking: /home/fog/ros2_ws/install/my_robot_interfaces/share/my_robot_interfaces/msg/Weather.idl\n'}
[5.675426] (my_robot_interfaces) StdoutLine: {'line': b'-- Symlinking: /home/fog/ros2_ws/install/my_robot_interfaces/share/my_robot_interfaces/msg/Turtle.idl\n'}
[5.686975] (my_robot_interfaces) StdoutLine: {'line': b'-- Symlinking: /home/fog/ros2_ws/install/my_robot_interfaces/share/my_robot_interfaces/msg/TurtleArray.idl\n'}
[5.698317] (my_robot_interfaces) StdoutLine: {'line': b'-- Symlinking: /home/fog/ros2_ws/install/my_robot_interfaces/share/my_robot_interfaces/srv/AddthreeInts.idl\n'}
[5.709259] (my_robot_interfaces) StdoutLine: {'line': b'-- Symlinking: /home/fog/ros2_ws/install/my_robot_interfaces/share/my_robot_interfaces/msg/Weather.msg\n'}
[5.720282] (-) TimerEvent: {}
[5.720600] (my_robot_interfaces) StdoutLine: {'line': b'-- Symlinking: /home/fog/ros2_ws/install/my_robot_interfaces/share/my_robot_interfaces/msg/Turtle.msg\n'}
[5.732427] (my_robot_interfaces) StdoutLine: {'line': b'-- Symlinking: /home/fog/ros2_ws/install/my_robot_interfaces/share/my_robot_interfaces/msg/TurtleArray.msg\n'}
[5.743668] (my_robot_interfaces) StdoutLine: {'line': b'-- Symlinking: /home/fog/ros2_ws/install/my_robot_interfaces/share/my_robot_interfaces/srv/AddthreeInts.srv\n'}
[5.754953] (my_robot_interfaces) StdoutLine: {'line': b'-- Symlinking: /home/fog/ros2_ws/install/my_robot_interfaces/share/my_robot_interfaces/srv/AddthreeInts_Request.msg\n'}
[5.767552] (my_robot_interfaces) StdoutLine: {'line': b'-- Symlinking: /home/fog/ros2_ws/install/my_robot_interfaces/share/my_robot_interfaces/srv/AddthreeInts_Response.msg\n'}
[5.780685] (my_robot_interfaces) StdoutLine: {'line': b'-- Symlinking: /home/fog/ros2_ws/install/my_robot_interfaces/share/ament_index/resource_index/package_run_dependencies/my_robot_interfaces\n'}
[5.792423] (my_robot_interfaces) StdoutLine: {'line': b'-- Symlinking: /home/fog/ros2_ws/install/my_robot_interfaces/share/ament_index/resource_index/parent_prefix_path/my_robot_interfaces\n'}
[5.804019] (my_robot_interfaces) StdoutLine: {'line': b'-- Symlinking: /home/fog/ros2_ws/install/my_robot_interfaces/share/my_robot_interfaces/environment/ament_prefix_path.sh\n'}
[5.816118] (my_robot_interfaces) StdoutLine: {'line': b'-- Symlinking: /home/fog/ros2_ws/install/my_robot_interfaces/share/my_robot_interfaces/environment/ament_prefix_path.dsv\n'}
[5.820616] (-) TimerEvent: {}
[5.827736] (my_robot_interfaces) StdoutLine: {'line': b'-- Symlinking: /home/fog/ros2_ws/install/my_robot_interfaces/share/my_robot_interfaces/environment/path.sh\n'}
[5.840357] (my_robot_interfaces) StdoutLine: {'line': b'-- Symlinking: /home/fog/ros2_ws/install/my_robot_interfaces/share/my_robot_interfaces/environment/path.dsv\n'}
[5.853094] (my_robot_interfaces) StdoutLine: {'line': b'-- Symlinking: /home/fog/ros2_ws/install/my_robot_interfaces/share/my_robot_interfaces/local_setup.bash\n'}
[5.865639] (my_robot_interfaces) StdoutLine: {'line': b'-- Symlinking: /home/fog/ros2_ws/install/my_robot_interfaces/share/my_robot_interfaces/local_setup.sh\n'}
[5.876997] (my_robot_interfaces) StdoutLine: {'line': b'-- Symlinking: /home/fog/ros2_ws/install/my_robot_interfaces/share/my_robot_interfaces/local_setup.zsh\n'}
[5.888683] (my_robot_interfaces) StdoutLine: {'line': b'-- Symlinking: /home/fog/ros2_ws/install/my_robot_interfaces/share/my_robot_interfaces/local_setup.dsv\n'}
[5.899779] (my_robot_interfaces) StdoutLine: {'line': b'-- Symlinking: /home/fog/ros2_ws/install/my_robot_interfaces/share/my_robot_interfaces/package.dsv\n'}
[5.912691] (my_robot_interfaces) StdoutLine: {'line': b'-- Symlinking: /home/fog/ros2_ws/install/my_robot_interfaces/share/ament_index/resource_index/packages/my_robot_interfaces\n'}
[5.920738] (-) TimerEvent: {}
[5.924230] (my_robot_interfaces) StdoutLine: {'line': b'-- Symlinking: /home/fog/ros2_ws/install/my_robot_interfaces/share/my_robot_interfaces/cmake/rosidl_cmake-extras.cmake\n'}
[5.936104] (my_robot_interfaces) StdoutLine: {'line': b'-- Symlinking: /home/fog/ros2_ws/install/my_robot_interfaces/share/my_robot_interfaces/cmake/ament_cmake_export_include_directories-extras.cmake\n'}
[5.947060] (my_robot_interfaces) StdoutLine: {'line': b'-- Symlinking: /home/fog/ros2_ws/install/my_robot_interfaces/share/my_robot_interfaces/cmake/ament_cmake_export_libraries-extras.cmake\n'}
[5.958436] (my_robot_interfaces) StdoutLine: {'line': b'-- Symlinking: /home/fog/ros2_ws/install/my_robot_interfaces/share/my_robot_interfaces/cmake/ament_cmake_export_targets-extras.cmake\n'}
[5.971164] (my_robot_interfaces) StdoutLine: {'line': b'-- Symlinking: /home/fog/ros2_ws/install/my_robot_interfaces/share/my_robot_interfaces/cmake/rosidl_cmake_export_typesupport_targets-extras.cmake\n'}
[5.982436] (my_robot_interfaces) StdoutLine: {'line': b'-- Symlinking: /home/fog/ros2_ws/install/my_robot_interfaces/share/my_robot_interfaces/cmake/ament_cmake_export_dependencies-extras.cmake\n'}
[5.993418] (my_robot_interfaces) StdoutLine: {'line': b'-- Symlinking: /home/fog/ros2_ws/install/my_robot_interfaces/share/my_robot_interfaces/cmake/rosidl_cmake_export_typesupport_libraries-extras.cmake\n'}
[6.005447] (my_robot_interfaces) StdoutLine: {'line': b'-- Symlinking: /home/fog/ros2_ws/install/my_robot_interfaces/share/my_robot_interfaces/cmake/my_robot_interfacesConfig.cmake\n'}
[6.016653] (my_robot_interfaces) StdoutLine: {'line': b'-- Symlinking: /home/fog/ros2_ws/install/my_robot_interfaces/share/my_robot_interfaces/cmake/my_robot_interfacesConfig-version.cmake\n'}
[6.020906] (-) TimerEvent: {}
[6.027615] (my_robot_interfaces) StdoutLine: {'line': b'-- Symlinking: /home/fog/ros2_ws/install/my_robot_interfaces/share/my_robot_interfaces/package.xml\n'}
[6.038283] (my_robot_interfaces) StdoutLine: {'line': b'-- Installing: /home/fog/ros2_ws/install/my_robot_interfaces/lib/libmy_robot_interfaces__rosidl_generator_c.so\n'}
[6.039112] (my_robot_interfaces) StdoutLine: {'line': b'-- Set runtime path of "/home/fog/ros2_ws/install/my_robot_interfaces/lib/libmy_robot_interfaces__rosidl_generator_c.so" to ""\n'}
[6.039228] (my_robot_interfaces) StdoutLine: {'line': b'-- Installing: /home/fog/ros2_ws/install/my_robot_interfaces/lib/libmy_robot_interfaces__rosidl_typesupport_fastrtps_c.so\n'}
[6.039299] (my_robot_interfaces) StdoutLine: {'line': b'-- Set runtime path of "/home/fog/ros2_ws/install/my_robot_interfaces/lib/libmy_robot_interfaces__rosidl_typesupport_fastrtps_c.so" to ""\n'}
[6.039494] (my_robot_interfaces) StdoutLine: {'line': b'-- Installing: /home/fog/ros2_ws/install/my_robot_interfaces/lib/libmy_robot_interfaces__rosidl_typesupport_introspection_c.so\n'}
[6.040546] (my_robot_interfaces) StdoutLine: {'line': b'-- Set runtime path of "/home/fog/ros2_ws/install/my_robot_interfaces/lib/libmy_robot_interfaces__rosidl_typesupport_introspection_c.so" to ""\n'}
[6.040746] (my_robot_interfaces) StdoutLine: {'line': b'-- Installing: /home/fog/ros2_ws/install/my_robot_interfaces/lib/libmy_robot_interfaces__rosidl_typesupport_c.so\n'}
[6.040806] (my_robot_interfaces) StdoutLine: {'line': b'-- Set runtime path of "/home/fog/ros2_ws/install/my_robot_interfaces/lib/libmy_robot_interfaces__rosidl_typesupport_c.so" to ""\n'}
[6.040860] (my_robot_interfaces) StdoutLine: {'line': b'-- Installing: /home/fog/ros2_ws/install/my_robot_interfaces/lib/libmy_robot_interfaces__rosidl_typesupport_fastrtps_cpp.so\n'}
[6.040910] (my_robot_interfaces) StdoutLine: {'line': b'-- Set runtime path of "/home/fog/ros2_ws/install/my_robot_interfaces/lib/libmy_robot_interfaces__rosidl_typesupport_fastrtps_cpp.so" to ""\n'}
[6.040961] (my_robot_interfaces) StdoutLine: {'line': b'-- Installing: /home/fog/ros2_ws/install/my_robot_interfaces/lib/libmy_robot_interfaces__rosidl_typesupport_introspection_cpp.so\n'}
[6.041162] (my_robot_interfaces) StdoutLine: {'line': b'-- Set runtime path of "/home/fog/ros2_ws/install/my_robot_interfaces/lib/libmy_robot_interfaces__rosidl_typesupport_introspection_cpp.so" to ""\n'}
[6.041234] (my_robot_interfaces) StdoutLine: {'line': b'-- Installing: /home/fog/ros2_ws/install/my_robot_interfaces/lib/libmy_robot_interfaces__rosidl_typesupport_cpp.so\n'}
[6.041580] (my_robot_interfaces) StdoutLine: {'line': b'-- Set runtime path of "/home/fog/ros2_ws/install/my_robot_interfaces/lib/libmy_robot_interfaces__rosidl_typesupport_cpp.so" to ""\n'}
[6.080901] (my_robot_interfaces) StdoutLine: {'line': b"Listing '/home/fog/ros2_ws/install/my_robot_interfaces/local/lib/python3.10/dist-packages/my_robot_interfaces'...\n"}
[6.081081] (my_robot_interfaces) StdoutLine: {'line': b"Compiling '/home/fog/ros2_ws/install/my_robot_interfaces/local/lib/python3.10/dist-packages/my_robot_interfaces/__init__.py'...\n"}
[6.081141] (my_robot_interfaces) StdoutLine: {'line': b"Listing '/home/fog/ros2_ws/install/my_robot_interfaces/local/lib/python3.10/dist-packages/my_robot_interfaces/msg'...\n"}
[6.081195] (my_robot_interfaces) StdoutLine: {'line': b"Compiling '/home/fog/ros2_ws/install/my_robot_interfaces/local/lib/python3.10/dist-packages/my_robot_interfaces/msg/__init__.py'...\n"}
[6.081264] (my_robot_interfaces) StdoutLine: {'line': b"Compiling '/home/fog/ros2_ws/install/my_robot_interfaces/local/lib/python3.10/dist-packages/my_robot_interfaces/msg/_turtle.py'...\n"}
[6.081318] (my_robot_interfaces) StdoutLine: {'line': b"Compiling '/home/fog/ros2_ws/install/my_robot_interfaces/local/lib/python3.10/dist-packages/my_robot_interfaces/msg/_turtle_array.py'...\n"}
[6.081370] (my_robot_interfaces) StdoutLine: {'line': b"Compiling '/home/fog/ros2_ws/install/my_robot_interfaces/local/lib/python3.10/dist-packages/my_robot_interfaces/msg/_weather.py'...\n"}
[6.081419] (my_robot_interfaces) StdoutLine: {'line': b"Listing '/home/fog/ros2_ws/install/my_robot_interfaces/local/lib/python3.10/dist-packages/my_robot_interfaces/srv'...\n"}
[6.081469] (my_robot_interfaces) StdoutLine: {'line': b"Compiling '/home/fog/ros2_ws/install/my_robot_interfaces/local/lib/python3.10/dist-packages/my_robot_interfaces/srv/__init__.py'...\n"}
[6.081526] (my_robot_interfaces) StdoutLine: {'line': b"Compiling '/home/fog/ros2_ws/install/my_robot_interfaces/local/lib/python3.10/dist-packages/my_robot_interfaces/srv/_addthree_ints.py'...\n"}
[6.085237] (my_robot_interfaces) StdoutLine: {'line': b'-- Installing: /home/fog/ros2_ws/install/my_robot_interfaces/lib/libmy_robot_interfaces__rosidl_generator_py.so\n'}
[6.086338] (my_robot_interfaces) StdoutLine: {'line': b'-- Set runtime path of "/home/fog/ros2_ws/install/my_robot_interfaces/lib/libmy_robot_interfaces__rosidl_generator_py.so" to ""\n'}
[6.086492] (my_robot_interfaces) StdoutLine: {'line': b'-- Installing: /home/fog/ros2_ws/install/my_robot_interfaces/share/my_robot_interfaces/cmake/export_my_robot_interfaces__rosidl_generator_cExport.cmake\n'}
[6.086630] (my_robot_interfaces) StdoutLine: {'line': b'-- Installing: /home/fog/ros2_ws/install/my_robot_interfaces/share/my_robot_interfaces/cmake/export_my_robot_interfaces__rosidl_generator_cExport-noconfig.cmake\n'}
[6.086689] (my_robot_interfaces) StdoutLine: {'line': b'-- Installing: /home/fog/ros2_ws/install/my_robot_interfaces/share/my_robot_interfaces/cmake/export_my_robot_interfaces__rosidl_typesupport_fastrtps_cExport.cmake\n'}
[6.086898] (my_robot_interfaces) StdoutLine: {'line': b'-- Installing: /home/fog/ros2_ws/install/my_robot_interfaces/share/my_robot_interfaces/cmake/export_my_robot_interfaces__rosidl_typesupport_fastrtps_cExport-noconfig.cmake\n'}
[6.086973] (my_robot_interfaces) StdoutLine: {'line': b'-- Installing: /home/fog/ros2_ws/install/my_robot_interfaces/share/my_robot_interfaces/cmake/my_robot_interfaces__rosidl_typesupport_introspection_cExport.cmake\n'}
[6.087091] (my_robot_interfaces) StdoutLine: {'line': b'-- Installing: /home/fog/ros2_ws/install/my_robot_interfaces/share/my_robot_interfaces/cmake/my_robot_interfaces__rosidl_typesupport_introspection_cExport-noconfig.cmake\n'}
[6.087183] (my_robot_interfaces) StdoutLine: {'line': b'-- Installing: /home/fog/ros2_ws/install/my_robot_interfaces/share/my_robot_interfaces/cmake/my_robot_interfaces__rosidl_typesupport_cExport.cmake\n'}
[6.087332] (my_robot_interfaces) StdoutLine: {'line': b'-- Installing: /home/fog/ros2_ws/install/my_robot_interfaces/share/my_robot_interfaces/cmake/my_robot_interfaces__rosidl_typesupport_cExport-noconfig.cmake\n'}
[6.087469] (my_robot_interfaces) StdoutLine: {'line': b'-- Installing: /home/fog/ros2_ws/install/my_robot_interfaces/share/my_robot_interfaces/cmake/export_my_robot_interfaces__rosidl_generator_cppExport.cmake\n'}
[6.087527] (my_robot_interfaces) StdoutLine: {'line': b'-- Installing: /home/fog/ros2_ws/install/my_robot_interfaces/share/my_robot_interfaces/cmake/export_my_robot_interfaces__rosidl_typesupport_fastrtps_cppExport.cmake\n'}
[6.087625] (my_robot_interfaces) StdoutLine: {'line': b'-- Installing: /home/fog/ros2_ws/install/my_robot_interfaces/share/my_robot_interfaces/cmake/export_my_robot_interfaces__rosidl_typesupport_fastrtps_cppExport-noconfig.cmake\n'}
[6.087682] (my_robot_interfaces) StdoutLine: {'line': b'-- Installing: /home/fog/ros2_ws/install/my_robot_interfaces/share/my_robot_interfaces/cmake/my_robot_interfaces__rosidl_typesupport_introspection_cppExport.cmake\n'}
[6.087850] (my_robot_interfaces) StdoutLine: {'line': b'-- Installing: /home/fog/ros2_ws/install/my_robot_interfaces/share/my_robot_interfaces/cmake/my_robot_interfaces__rosidl_typesupport_introspection_cppExport-noconfig.cmake\n'}
[6.087920] (my_robot_interfaces) StdoutLine: {'line': b'-- Installing: /home/fog/ros2_ws/install/my_robot_interfaces/share/my_robot_interfaces/cmake/my_robot_interfaces__rosidl_typesupport_cppExport.cmake\n'}
[6.087973] (my_robot_interfaces) StdoutLine: {'line': b'-- Installing: /home/fog/ros2_ws/install/my_robot_interfaces/share/my_robot_interfaces/cmake/my_robot_interfaces__rosidl_typesupport_cppExport-noconfig.cmake\n'}
[6.088177] (my_robot_interfaces) StdoutLine: {'line': b'-- Installing: /home/fog/ros2_ws/install/my_robot_interfaces/share/my_robot_interfaces/cmake/export_my_robot_interfaces__rosidl_generator_pyExport.cmake\n'}
[6.088247] (my_robot_interfaces) StdoutLine: {'line': b'-- Installing: /home/fog/ros2_ws/install/my_robot_interfaces/share/my_robot_interfaces/cmake/export_my_robot_interfaces__rosidl_generator_pyExport-noconfig.cmake\n'}
[6.091563] (my_robot_interfaces) CommandEnded: {'returncode': 0}
[6.106852] (my_robot_interfaces) JobEnded: {'identifier': 'my_robot_interfaces', 'rc': 0}
[6.107782] (-) EventReactorShutdown: {}
