[0.000000] (-) TimerEvent: {}
[0.001485] (my_py_pkg) JobQueued: {'identifier': 'my_py_pkg', 'dependencies': OrderedDict()}
[0.001535] (my_robot_interfaces) JobQueued: {'identifier': 'my_robot_interfaces', 'dependencies': OrderedDict()}
[0.001553] (my_robot_bringup) JobQueued: {'identifier': 'my_robot_bringup', 'dependencies': OrderedDict([('my_py_pkg', '/home/fog/ros2_ws/install/my_py_pkg')])}
[0.001572] (turtlesim_catch_sim) JobQueued: {'identifier': 'turtlesim_catch_sim', 'dependencies': OrderedDict([('my_robot_interfaces', '/home/fog/ros2_ws/install/my_robot_interfaces')])}
[0.001590] (my_py_pkg) JobStarted: {'identifier': 'my_py_pkg'}
[0.020058] (my_robot_interfaces) JobStarted: {'identifier': 'my_robot_interfaces'}
[0.100034] (-) TimerEvent: {}
[0.200404] (-) TimerEvent: {}
[0.273473] (my_robot_interfaces) JobProgress: {'identifier': 'my_robot_interfaces', 'progress': 'cmake'}
[0.275859] (my_robot_interfaces) JobProgress: {'identifier': 'my_robot_interfaces', 'progress': 'build'}
[0.275931] (my_robot_interfaces) Command: {'cmd': ['/usr/bin/cmake', '--build', '/home/fog/ros2_ws/build/my_robot_interfaces', '--', '-j16', '-l16'], 'cwd': '/home/fog/ros2_ws/build/my_robot_interfaces', 'env': OrderedDict([('GJS_DEBUG_TOPICS', 'JS ERROR;JS LOG'), ('LESSOPEN', '| /usr/bin/lesspipe %s'), ('LANGUAGE', 'zh_CN:en'), ('USER', 'fog'), ('LC_TIME', 'zh_CN.UTF-8'), ('XDG_SESSION_TYPE', 'x11'), ('SHLVL', '1'), ('LD_LIBRARY_PATH', '/usr/lib/x86_64-linux-gnu/gazebo-11/plugins:/opt/ros/humble/opt/rviz_ogre_vendor/lib:/opt/ros/humble/lib/x86_64-linux-gnu:/opt/ros/humble/lib:/usr/share/gazebo/../../lib/x86_64-linux-gnu/gazebo-11/plugins:'), ('HOME', '/home/fog'), ('OLDPWD', '/home/fog'), ('DESKTOP_SESSION', 'ubuntu'), ('GIO_LAUNCHED_DESKTOP_FILE', '/usr/share/applications/terminator.desktop'), ('GAZEBO_MASTER_URI', 'http://localhost:11345'), ('ROS_PYTHON_VERSION', '3'), ('GNOME_SHELL_SESSION_MODE', 'ubuntu'), ('GTK_MODULES', 'gail:atk-bridge'), ('LC_MONETARY', 'zh_CN.UTF-8'), ('MANAGERPID', '1258'), ('SYSTEMD_EXEC_PID', '1404'), ('DBUS_SESSION_BUS_ADDRESS', 'unix:path=/run/user/1000/bus'), ('COLORTERM', 'truecolor'), ('TERMINATOR_DBUS_NAME', 'net.tenshu.Terminator25ef4b219e3b005583550f2b0f9f990c3'), ('GIO_LAUNCHED_DESKTOP_FILE_PID', '50755'), ('IM_CONFIG_PHASE', '1'), ('WAYLAND_DISPLAY', 'wayland-0'), ('ROS_DISTRO', 'humble'), ('LOGNAME', 'fog'), ('JOURNAL_STREAM', '8:23341'), ('_', '/usr/bin/colcon'), ('ROS_VERSION', '2'), ('XDG_SESSION_CLASS', 'user'), ('USERNAME', 'fog'), ('TERM', 'xterm-256color'), ('GAZEBO_MODEL_PATH', '/usr/share/gazebo/../../share/gazebo-11/models::/opt/ros/humble/share/turtlebot3_gazebo/models'), ('GNOME_DESKTOP_SESSION_ID', 'this-is-deprecated'), ('ROS_LOCALHOST_ONLY', '0'), ('OGRE_RESOURCE_PATH', '/usr/lib/x86_64-linux-gnu/OGRE-1.9.0'), ('PATH', '/opt/ros/humble/bin:/usr/local/sbin:/usr/local/bin:/usr/sbin:/usr/bin:/sbin:/bin:/usr/games:/usr/local/games:/snap/bin:/snap/bin'), ('SESSION_MANAGER', 'local/fog:@/tmp/.ICE-unix/1371,unix/fog:/tmp/.ICE-unix/1371'), ('INVOCATION_ID', '304372798fba4ccabd80b8e4596a5595'), ('PAPERSIZE', 'a4'), ('XDG_MENU_PREFIX', 'gnome-'), ('LC_ADDRESS', 'zh_CN.UTF-8'), ('GNOME_SETUP_DISPLAY', ':1'), ('XDG_RUNTIME_DIR', '/run/user/1000'), ('DISPLAY', ':0'), ('TERMINATOR_DBUS_PATH', '/net/tenshu/Terminator2'), ('LANG', 'zh_CN.UTF-8'), ('XDG_CURRENT_DESKTOP', 'ubuntu:GNOME'), ('IBUS_DISABLE_SNOOPER', '1'), ('LC_TELEPHONE', 'zh_CN.UTF-8'), ('XMODIFIERS', '@im=ibus'), ('XDG_SESSION_DESKTOP', 'ubuntu'), ('XAUTHORITY', '/run/user/1000/.mutter-Xwaylandauth.A0F5N3'), ('LS_COLORS', 'rs=0:di=01;34:ln=01;36:mh=00:pi=40;33:so=01;35:do=01;35:bd=40;33;01:cd=40;33;01:or=40;31;01:mi=00:su=37;41:sg=30;43:ca=30;41:tw=30;42:ow=34;42:st=37;44:ex=01;32:*.tar=01;31:*.tgz=01;31:*.arc=01;31:*.arj=01;31:*.taz=01;31:*.lha=01;31:*.lz4=01;31:*.lzh=01;31:*.lzma=01;31:*.tlz=01;31:*.txz=01;31:*.tzo=01;31:*.t7z=01;31:*.zip=01;31:*.z=01;31:*.dz=01;31:*.gz=01;31:*.lrz=01;31:*.lz=01;31:*.lzo=01;31:*.xz=01;31:*.zst=01;31:*.tzst=01;31:*.bz2=01;31:*.bz=01;31:*.tbz=01;31:*.tbz2=01;31:*.tz=01;31:*.deb=01;31:*.rpm=01;31:*.jar=01;31:*.war=01;31:*.ear=01;31:*.sar=01;31:*.rar=01;31:*.alz=01;31:*.ace=01;31:*.zoo=01;31:*.cpio=01;31:*.7z=01;31:*.rz=01;31:*.cab=01;31:*.wim=01;31:*.swm=01;31:*.dwm=01;31:*.esd=01;31:*.jpg=01;35:*.jpeg=01;35:*.mjpg=01;35:*.mjpeg=01;35:*.gif=01;35:*.bmp=01;35:*.pbm=01;35:*.pgm=01;35:*.ppm=01;35:*.tga=01;35:*.xbm=01;35:*.xpm=01;35:*.tif=01;35:*.tiff=01;35:*.png=01;35:*.svg=01;35:*.svgz=01;35:*.mng=01;35:*.pcx=01;35:*.mov=01;35:*.mpg=01;35:*.mpeg=01;35:*.m2v=01;35:*.mkv=01;35:*.webm=01;35:*.webp=01;35:*.ogm=01;35:*.mp4=01;35:*.m4v=01;35:*.mp4v=01;35:*.vob=01;35:*.qt=01;35:*.nuv=01;35:*.wmv=01;35:*.asf=01;35:*.rm=01;35:*.rmvb=01;35:*.flc=01;35:*.avi=01;35:*.fli=01;35:*.flv=01;35:*.gl=01;35:*.dl=01;35:*.xcf=01;35:*.xwd=01;35:*.yuv=01;35:*.cgm=01;35:*.emf=01;35:*.ogv=01;35:*.ogx=01;35:*.aac=00;36:*.au=00;36:*.flac=00;36:*.m4a=00;36:*.mid=00;36:*.midi=00;36:*.mka=00;36:*.mp3=00;36:*.mpc=00;36:*.ogg=00;36:*.ra=00;36:*.wav=00;36:*.oga=00;36:*.opus=00;36:*.spx=00;36:*.xspf=00;36:'), ('SSH_AGENT_LAUNCHER', 'gnome-keyring'), ('SSH_AUTH_SOCK', '/run/user/1000/keyring/ssh'), ('AMENT_PREFIX_PATH', '/opt/ros/humble'), ('SHELL', '/bin/bash'), ('LC_NAME', 'zh_CN.UTF-8'), ('TERMINATOR_UUID', 'urn:uuid:b1e59339-5e4a-4026-ac48-db5733326a56'), ('QT_ACCESSIBILITY', '1'), ('GDMSESSION', 'ubuntu'), ('LESSCLOSE', '/usr/bin/lesspipe %s %s'), ('LC_MEASUREMENT', 'zh_CN.UTF-8'), ('GAZEBO_RESOURCE_PATH', '/usr/share/gazebo/../../share/gazebo-11:'), ('GJS_DEBUG_OUTPUT', 'stderr'), ('LC_IDENTIFICATION', 'zh_CN.UTF-8'), ('GAZEBO_MODEL_DATABASE_URI', 'http://models.gazebosim.org'), ('QT_IM_MODULE', 'ibus'), ('PWD', '/home/fog/ros2_ws/build/my_robot_interfaces'), ('QT_QPA_PLATFORM', 'xcb'), ('TURTLEBOT3_MODEL', 'burger'), ('XDG_CONFIG_DIRS', '/etc/xdg/xdg-ubuntu:/etc/xdg'), ('GAZEBO_PLUGIN_PATH', '/usr/share/gazebo/../../lib/x86_64-linux-gnu/gazebo-11/plugins:'), ('XDG_DATA_DIRS', '/usr/share/ubuntu:/usr/local/share/:/usr/share/:/var/lib/snapd/desktop'), ('PYTHONPATH', '/opt/ros/humble/lib/python3.10/site-packages:/opt/ros/humble/local/lib/python3.10/dist-packages'), ('LC_NUMERIC', 'zh_CN.UTF-8'), ('LC_PAPER', 'zh_CN.UTF-8'), ('COLCON', '1'), ('VTE_VERSION', '6800'), ('CMAKE_PREFIX_PATH', '/opt/ros/humble')]), 'shell': False}
[0.300566] (-) TimerEvent: {}
[0.400954] (-) TimerEvent: {}
[0.451227] (my_robot_interfaces) StdoutLine: {'line': b'\x1b[35m\x1b[1mConsolidate compiler generated dependencies of target my_robot_interfaces__rosidl_generator_c\x1b[0m\n'}
[0.461190] (my_robot_interfaces) StdoutLine: {'line': b'[  1%] Built target my_robot_interfaces__cpp\n'}
[0.462404] (my_robot_interfaces) StdoutLine: {'line': b'[  3%] Built target my_robot_interfaces__rs\n'}
[0.471838] (my_robot_interfaces) StdoutLine: {'line': b'[  3%] Built target ament_cmake_python_symlink_my_robot_interfaces\n'}
[0.475741] (my_robot_interfaces) StdoutLine: {'line': b'[ 14%] Built target my_robot_interfaces__rosidl_generator_c\n'}
[0.484575] (my_robot_interfaces) StdoutLine: {'line': b'\x1b[35m\x1b[1mConsolidate compiler generated dependencies of target my_robot_interfaces__rosidl_typesupport_fastrtps_cpp\x1b[0m\n'}
[0.487882] (my_robot_interfaces) StdoutLine: {'line': b'\x1b[35m\x1b[1mConsolidate compiler generated dependencies of target my_robot_interfaces__rosidl_typesupport_introspection_cpp\x1b[0m\n'}
[0.488764] (my_robot_interfaces) StdoutLine: {'line': b'\x1b[35m\x1b[1mConsolidate compiler generated dependencies of target my_robot_interfaces__rosidl_typesupport_cpp\x1b[0m\n'}
[0.498574] (my_robot_interfaces) StdoutLine: {'line': b'\x1b[35m\x1b[1mConsolidate compiler generated dependencies of target my_robot_interfaces__rosidl_typesupport_introspection_c\x1b[0m\n'}
[0.498745] (my_robot_interfaces) StdoutLine: {'line': b'\x1b[35m\x1b[1mConsolidate compiler generated dependencies of target my_robot_interfaces__rosidl_typesupport_c\x1b[0m\n'}
[0.500888] (my_robot_interfaces) StdoutLine: {'line': b'\x1b[35m\x1b[1mConsolidate compiler generated dependencies of target my_robot_interfaces__rosidl_typesupport_fastrtps_c\x1b[0m\n'}
[0.501001] (-) TimerEvent: {}
[0.515630] (my_robot_interfaces) StdoutLine: {'line': b'[ 35%] Built target my_robot_interfaces__rosidl_typesupport_cpp\n'}
[0.515822] (my_robot_interfaces) StdoutLine: {'line': b'[ 35%] Built target my_robot_interfaces__rosidl_typesupport_introspection_cpp\n'}
[0.516244] (my_robot_interfaces) StdoutLine: {'line': b'[ 46%] Built target my_robot_interfaces__rosidl_typesupport_fastrtps_cpp\n'}
[0.516645] (my_robot_interfaces) StdoutLine: {'line': b'[ 57%] Built target my_robot_interfaces__rosidl_typesupport_introspection_c\n'}
[0.516920] (my_robot_interfaces) StdoutLine: {'line': b'[ 68%] Built target my_robot_interfaces__rosidl_typesupport_c\n'}
[0.524439] (my_robot_interfaces) StdoutLine: {'line': b'[ 79%] Built target my_robot_interfaces__rosidl_typesupport_fastrtps_c\n'}
[0.557167] (my_robot_interfaces) StdoutLine: {'line': b'[ 79%] Built target my_robot_interfaces\n'}
[0.590014] (my_robot_interfaces) StdoutLine: {'line': b'[ 81%] Built target my_robot_interfaces__py\n'}
[0.601137] (-) TimerEvent: {}
[0.611830] (my_robot_interfaces) StdoutLine: {'line': b'\x1b[35m\x1b[1mConsolidate compiler generated dependencies of target my_robot_interfaces__rosidl_generator_py\x1b[0m\n'}
[0.637578] (my_robot_interfaces) StdoutLine: {'line': b'[ 90%] Built target my_robot_interfaces__rosidl_generator_py\n'}
[0.657560] (my_robot_interfaces) StdoutLine: {'line': b'\x1b[35m\x1b[1mConsolidate compiler generated dependencies of target my_robot_interfaces__rosidl_typesupport_c__pyext\x1b[0m\n'}
[0.657833] (my_robot_interfaces) StdoutLine: {'line': b'\x1b[35m\x1b[1mConsolidate compiler generated dependencies of target my_robot_interfaces__rosidl_typesupport_introspection_c__pyext\x1b[0m\n'}
[0.660068] (my_robot_interfaces) StdoutLine: {'line': b'\x1b[35m\x1b[1mConsolidate compiler generated dependencies of target my_robot_interfaces__rosidl_typesupport_fastrtps_c__pyext\x1b[0m\n'}
[0.676928] (my_robot_interfaces) StdoutLine: {'line': b'[ 93%] Built target my_robot_interfaces__rosidl_typesupport_introspection_c__pyext\n'}
[0.677285] (my_robot_interfaces) StdoutLine: {'line': b'[ 96%] Built target my_robot_interfaces__rosidl_typesupport_c__pyext\n'}
[0.678745] (my_robot_interfaces) StdoutLine: {'line': b'[100%] Built target my_robot_interfaces__rosidl_typesupport_fastrtps_c__pyext\n'}
[0.701295] (-) TimerEvent: {}
[0.717585] (my_robot_interfaces) StdoutLine: {'line': b'running egg_info\n'}
[0.718237] (my_robot_interfaces) StdoutLine: {'line': b'writing my_robot_interfaces.egg-info/PKG-INFO\n'}
[0.718663] (my_robot_interfaces) StdoutLine: {'line': b'writing dependency_links to my_robot_interfaces.egg-info/dependency_links.txt\n'}
[0.718949] (my_robot_interfaces) StdoutLine: {'line': b'writing top-level names to my_robot_interfaces.egg-info/top_level.txt\n'}
[0.721463] (my_robot_interfaces) StdoutLine: {'line': b"reading manifest file 'my_robot_interfaces.egg-info/SOURCES.txt'\n"}
[0.722567] (my_robot_interfaces) StdoutLine: {'line': b"writing manifest file 'my_robot_interfaces.egg-info/SOURCES.txt'\n"}
[0.750430] (my_robot_interfaces) StdoutLine: {'line': b'[100%] Built target ament_cmake_python_build_my_robot_interfaces_egg\n'}
[0.768245] (my_robot_interfaces) CommandEnded: {'returncode': 0}
[0.770059] (my_robot_interfaces) JobProgress: {'identifier': 'my_robot_interfaces', 'progress': 'install'}
[0.784453] (my_robot_interfaces) Command: {'cmd': ['/usr/bin/cmake', '--install', '/home/fog/ros2_ws/build/my_robot_interfaces'], 'cwd': '/home/fog/ros2_ws/build/my_robot_interfaces', 'env': OrderedDict([('GJS_DEBUG_TOPICS', 'JS ERROR;JS LOG'), ('LESSOPEN', '| /usr/bin/lesspipe %s'), ('LANGUAGE', 'zh_CN:en'), ('USER', 'fog'), ('LC_TIME', 'zh_CN.UTF-8'), ('XDG_SESSION_TYPE', 'x11'), ('SHLVL', '1'), ('LD_LIBRARY_PATH', '/usr/lib/x86_64-linux-gnu/gazebo-11/plugins:/opt/ros/humble/opt/rviz_ogre_vendor/lib:/opt/ros/humble/lib/x86_64-linux-gnu:/opt/ros/humble/lib:/usr/share/gazebo/../../lib/x86_64-linux-gnu/gazebo-11/plugins:'), ('HOME', '/home/fog'), ('OLDPWD', '/home/fog'), ('DESKTOP_SESSION', 'ubuntu'), ('GIO_LAUNCHED_DESKTOP_FILE', '/usr/share/applications/terminator.desktop'), ('GAZEBO_MASTER_URI', 'http://localhost:11345'), ('ROS_PYTHON_VERSION', '3'), ('GNOME_SHELL_SESSION_MODE', 'ubuntu'), ('GTK_MODULES', 'gail:atk-bridge'), ('LC_MONETARY', 'zh_CN.UTF-8'), ('MANAGERPID', '1258'), ('SYSTEMD_EXEC_PID', '1404'), ('DBUS_SESSION_BUS_ADDRESS', 'unix:path=/run/user/1000/bus'), ('COLORTERM', 'truecolor'), ('TERMINATOR_DBUS_NAME', 'net.tenshu.Terminator25ef4b219e3b005583550f2b0f9f990c3'), ('GIO_LAUNCHED_DESKTOP_FILE_PID', '50755'), ('IM_CONFIG_PHASE', '1'), ('WAYLAND_DISPLAY', 'wayland-0'), ('ROS_DISTRO', 'humble'), ('LOGNAME', 'fog'), ('JOURNAL_STREAM', '8:23341'), ('_', '/usr/bin/colcon'), ('ROS_VERSION', '2'), ('XDG_SESSION_CLASS', 'user'), ('USERNAME', 'fog'), ('TERM', 'xterm-256color'), ('GAZEBO_MODEL_PATH', '/usr/share/gazebo/../../share/gazebo-11/models::/opt/ros/humble/share/turtlebot3_gazebo/models'), ('GNOME_DESKTOP_SESSION_ID', 'this-is-deprecated'), ('ROS_LOCALHOST_ONLY', '0'), ('OGRE_RESOURCE_PATH', '/usr/lib/x86_64-linux-gnu/OGRE-1.9.0'), ('PATH', '/opt/ros/humble/bin:/usr/local/sbin:/usr/local/bin:/usr/sbin:/usr/bin:/sbin:/bin:/usr/games:/usr/local/games:/snap/bin:/snap/bin'), ('SESSION_MANAGER', 'local/fog:@/tmp/.ICE-unix/1371,unix/fog:/tmp/.ICE-unix/1371'), ('INVOCATION_ID', '304372798fba4ccabd80b8e4596a5595'), ('PAPERSIZE', 'a4'), ('XDG_MENU_PREFIX', 'gnome-'), ('LC_ADDRESS', 'zh_CN.UTF-8'), ('GNOME_SETUP_DISPLAY', ':1'), ('XDG_RUNTIME_DIR', '/run/user/1000'), ('DISPLAY', ':0'), ('TERMINATOR_DBUS_PATH', '/net/tenshu/Terminator2'), ('LANG', 'zh_CN.UTF-8'), ('XDG_CURRENT_DESKTOP', 'ubuntu:GNOME'), ('IBUS_DISABLE_SNOOPER', '1'), ('LC_TELEPHONE', 'zh_CN.UTF-8'), ('XMODIFIERS', '@im=ibus'), ('XDG_SESSION_DESKTOP', 'ubuntu'), ('XAUTHORITY', '/run/user/1000/.mutter-Xwaylandauth.A0F5N3'), ('LS_COLORS', 'rs=0:di=01;34:ln=01;36:mh=00:pi=40;33:so=01;35:do=01;35:bd=40;33;01:cd=40;33;01:or=40;31;01:mi=00:su=37;41:sg=30;43:ca=30;41:tw=30;42:ow=34;42:st=37;44:ex=01;32:*.tar=01;31:*.tgz=01;31:*.arc=01;31:*.arj=01;31:*.taz=01;31:*.lha=01;31:*.lz4=01;31:*.lzh=01;31:*.lzma=01;31:*.tlz=01;31:*.txz=01;31:*.tzo=01;31:*.t7z=01;31:*.zip=01;31:*.z=01;31:*.dz=01;31:*.gz=01;31:*.lrz=01;31:*.lz=01;31:*.lzo=01;31:*.xz=01;31:*.zst=01;31:*.tzst=01;31:*.bz2=01;31:*.bz=01;31:*.tbz=01;31:*.tbz2=01;31:*.tz=01;31:*.deb=01;31:*.rpm=01;31:*.jar=01;31:*.war=01;31:*.ear=01;31:*.sar=01;31:*.rar=01;31:*.alz=01;31:*.ace=01;31:*.zoo=01;31:*.cpio=01;31:*.7z=01;31:*.rz=01;31:*.cab=01;31:*.wim=01;31:*.swm=01;31:*.dwm=01;31:*.esd=01;31:*.jpg=01;35:*.jpeg=01;35:*.mjpg=01;35:*.mjpeg=01;35:*.gif=01;35:*.bmp=01;35:*.pbm=01;35:*.pgm=01;35:*.ppm=01;35:*.tga=01;35:*.xbm=01;35:*.xpm=01;35:*.tif=01;35:*.tiff=01;35:*.png=01;35:*.svg=01;35:*.svgz=01;35:*.mng=01;35:*.pcx=01;35:*.mov=01;35:*.mpg=01;35:*.mpeg=01;35:*.m2v=01;35:*.mkv=01;35:*.webm=01;35:*.webp=01;35:*.ogm=01;35:*.mp4=01;35:*.m4v=01;35:*.mp4v=01;35:*.vob=01;35:*.qt=01;35:*.nuv=01;35:*.wmv=01;35:*.asf=01;35:*.rm=01;35:*.rmvb=01;35:*.flc=01;35:*.avi=01;35:*.fli=01;35:*.flv=01;35:*.gl=01;35:*.dl=01;35:*.xcf=01;35:*.xwd=01;35:*.yuv=01;35:*.cgm=01;35:*.emf=01;35:*.ogv=01;35:*.ogx=01;35:*.aac=00;36:*.au=00;36:*.flac=00;36:*.m4a=00;36:*.mid=00;36:*.midi=00;36:*.mka=00;36:*.mp3=00;36:*.mpc=00;36:*.ogg=00;36:*.ra=00;36:*.wav=00;36:*.oga=00;36:*.opus=00;36:*.spx=00;36:*.xspf=00;36:'), ('SSH_AGENT_LAUNCHER', 'gnome-keyring'), ('SSH_AUTH_SOCK', '/run/user/1000/keyring/ssh'), ('AMENT_PREFIX_PATH', '/opt/ros/humble'), ('SHELL', '/bin/bash'), ('LC_NAME', 'zh_CN.UTF-8'), ('TERMINATOR_UUID', 'urn:uuid:b1e59339-5e4a-4026-ac48-db5733326a56'), ('QT_ACCESSIBILITY', '1'), ('GDMSESSION', 'ubuntu'), ('LESSCLOSE', '/usr/bin/lesspipe %s %s'), ('LC_MEASUREMENT', 'zh_CN.UTF-8'), ('GAZEBO_RESOURCE_PATH', '/usr/share/gazebo/../../share/gazebo-11:'), ('GJS_DEBUG_OUTPUT', 'stderr'), ('LC_IDENTIFICATION', 'zh_CN.UTF-8'), ('GAZEBO_MODEL_DATABASE_URI', 'http://models.gazebosim.org'), ('QT_IM_MODULE', 'ibus'), ('PWD', '/home/fog/ros2_ws/build/my_robot_interfaces'), ('QT_QPA_PLATFORM', 'xcb'), ('TURTLEBOT3_MODEL', 'burger'), ('XDG_CONFIG_DIRS', '/etc/xdg/xdg-ubuntu:/etc/xdg'), ('GAZEBO_PLUGIN_PATH', '/usr/share/gazebo/../../lib/x86_64-linux-gnu/gazebo-11/plugins:'), ('XDG_DATA_DIRS', '/usr/share/ubuntu:/usr/local/share/:/usr/share/:/var/lib/snapd/desktop'), ('PYTHONPATH', '/opt/ros/humble/lib/python3.10/site-packages:/opt/ros/humble/local/lib/python3.10/dist-packages'), ('LC_NUMERIC', 'zh_CN.UTF-8'), ('LC_PAPER', 'zh_CN.UTF-8'), ('COLCON', '1'), ('VTE_VERSION', '6800'), ('CMAKE_PREFIX_PATH', '/opt/ros/humble')]), 'shell': False}
[0.796169] (my_robot_interfaces) StdoutLine: {'line': b'-- Install configuration: ""\n'}
[0.798490] (my_robot_interfaces) StdoutLine: {'line': b'-- Execute custom install script\n'}
[0.799501] (my_robot_interfaces) StdoutLine: {'line': b'-- Up-to-date symlink: /home/fog/ros2_ws/install/my_robot_interfaces/share/ament_index/resource_index/rosidl_interfaces/my_robot_interfaces\n'}
[0.801540] (-) TimerEvent: {}
[0.802446] (my_robot_interfaces) StdoutLine: {'line': b'-- Up-to-date symlink: /home/fog/ros2_ws/install/my_robot_interfaces/include/my_robot_interfaces/my_robot_interfaces/msg/detail/turtle__functions.h\n'}
[0.802859] (my_robot_interfaces) StdoutLine: {'line': b'-- Up-to-date symlink: /home/fog/ros2_ws/install/my_robot_interfaces/include/my_robot_interfaces/my_robot_interfaces/msg/detail/turtle__struct.h\n'}
[0.803342] (my_robot_interfaces) StdoutLine: {'line': b'-- Up-to-date symlink: /home/fog/ros2_ws/install/my_robot_interfaces/include/my_robot_interfaces/my_robot_interfaces/msg/detail/turtle__type_support.h\n'}
[0.803934] (my_robot_interfaces) StdoutLine: {'line': b'-- Up-to-date symlink: /home/fog/ros2_ws/install/my_robot_interfaces/include/my_robot_interfaces/my_robot_interfaces/msg/detail/turtle_array__functions.h\n'}
[0.804418] (my_robot_interfaces) StdoutLine: {'line': b'-- Up-to-date symlink: /home/fog/ros2_ws/install/my_robot_interfaces/include/my_robot_interfaces/my_robot_interfaces/msg/detail/turtle_array__struct.h\n'}
[0.804860] (my_robot_interfaces) StdoutLine: {'line': b'-- Up-to-date symlink: /home/fog/ros2_ws/install/my_robot_interfaces/include/my_robot_interfaces/my_robot_interfaces/msg/detail/turtle_array__type_support.h\n'}
[0.805763] (my_robot_interfaces) StdoutLine: {'line': b'-- Up-to-date symlink: /home/fog/ros2_ws/install/my_robot_interfaces/include/my_robot_interfaces/my_robot_interfaces/msg/detail/weather__functions.h\n'}
[0.806199] (my_robot_interfaces) StdoutLine: {'line': b'-- Up-to-date symlink: /home/fog/ros2_ws/install/my_robot_interfaces/include/my_robot_interfaces/my_robot_interfaces/msg/detail/weather__struct.h\n'}
[0.806715] (my_robot_interfaces) StdoutLine: {'line': b'-- Up-to-date symlink: /home/fog/ros2_ws/install/my_robot_interfaces/include/my_robot_interfaces/my_robot_interfaces/msg/detail/weather__type_support.h\n'}
[0.807149] (my_robot_interfaces) StdoutLine: {'line': b'-- Up-to-date symlink: /home/fog/ros2_ws/install/my_robot_interfaces/include/my_robot_interfaces/my_robot_interfaces/msg/rosidl_generator_c__visibility_control.h\n'}
[0.807611] (my_robot_interfaces) StdoutLine: {'line': b'-- Up-to-date symlink: /home/fog/ros2_ws/install/my_robot_interfaces/include/my_robot_interfaces/my_robot_interfaces/msg/turtle.h\n'}
[0.808196] (my_robot_interfaces) StdoutLine: {'line': b'-- Up-to-date symlink: /home/fog/ros2_ws/install/my_robot_interfaces/include/my_robot_interfaces/my_robot_interfaces/msg/turtle_array.h\n'}
[0.808525] (my_robot_interfaces) StdoutLine: {'line': b'-- Up-to-date symlink: /home/fog/ros2_ws/install/my_robot_interfaces/include/my_robot_interfaces/my_robot_interfaces/msg/weather.h\n'}
[0.808797] (my_robot_interfaces) StdoutLine: {'line': b'-- Up-to-date symlink: /home/fog/ros2_ws/install/my_robot_interfaces/include/my_robot_interfaces/my_robot_interfaces/srv/addthree_ints.h\n'}
[0.809365] (my_robot_interfaces) StdoutLine: {'line': b'-- Up-to-date symlink: /home/fog/ros2_ws/install/my_robot_interfaces/include/my_robot_interfaces/my_robot_interfaces/srv/catch_turtle.h\n'}
[0.809911] (my_robot_interfaces) StdoutLine: {'line': b'-- Up-to-date symlink: /home/fog/ros2_ws/install/my_robot_interfaces/include/my_robot_interfaces/my_robot_interfaces/srv/detail/addthree_ints__functions.h\n'}
[0.810301] (my_robot_interfaces) StdoutLine: {'line': b'-- Up-to-date symlink: /home/fog/ros2_ws/install/my_robot_interfaces/include/my_robot_interfaces/my_robot_interfaces/srv/detail/addthree_ints__struct.h\n'}
[0.810755] (my_robot_interfaces) StdoutLine: {'line': b'-- Up-to-date symlink: /home/fog/ros2_ws/install/my_robot_interfaces/include/my_robot_interfaces/my_robot_interfaces/srv/detail/addthree_ints__type_support.h\n'}
[0.811235] (my_robot_interfaces) StdoutLine: {'line': b'-- Up-to-date symlink: /home/fog/ros2_ws/install/my_robot_interfaces/include/my_robot_interfaces/my_robot_interfaces/srv/detail/catch_turtle__functions.h\n'}
[0.811579] (my_robot_interfaces) StdoutLine: {'line': b'-- Up-to-date symlink: /home/fog/ros2_ws/install/my_robot_interfaces/include/my_robot_interfaces/my_robot_interfaces/srv/detail/catch_turtle__struct.h\n'}
[0.812224] (my_robot_interfaces) StdoutLine: {'line': b'-- Up-to-date symlink: /home/fog/ros2_ws/install/my_robot_interfaces/include/my_robot_interfaces/my_robot_interfaces/srv/detail/catch_turtle__type_support.h\n'}
[0.812748] (my_robot_interfaces) StdoutLine: {'line': b'-- Up-to-date symlink: /home/fog/ros2_ws/install/my_robot_interfaces/share/my_robot_interfaces/environment/library_path.sh\n'}
[0.813158] (my_robot_interfaces) StdoutLine: {'line': b'-- Up-to-date symlink: /home/fog/ros2_ws/install/my_robot_interfaces/share/my_robot_interfaces/environment/library_path.dsv\n'}
[0.815717] (my_robot_interfaces) StdoutLine: {'line': b'-- Up-to-date symlink: /home/fog/ros2_ws/install/my_robot_interfaces/include/my_robot_interfaces/my_robot_interfaces/msg/detail/turtle__rosidl_typesupport_fastrtps_c.h\n'}
[0.816260] (my_robot_interfaces) StdoutLine: {'line': b'-- Up-to-date symlink: /home/fog/ros2_ws/install/my_robot_interfaces/include/my_robot_interfaces/my_robot_interfaces/msg/detail/turtle_array__rosidl_typesupport_fastrtps_c.h\n'}
[0.816601] (my_robot_interfaces) StdoutLine: {'line': b'-- Up-to-date symlink: /home/fog/ros2_ws/install/my_robot_interfaces/include/my_robot_interfaces/my_robot_interfaces/msg/detail/weather__rosidl_typesupport_fastrtps_c.h\n'}
[0.817060] (my_robot_interfaces) StdoutLine: {'line': b'-- Up-to-date symlink: /home/fog/ros2_ws/install/my_robot_interfaces/include/my_robot_interfaces/my_robot_interfaces/msg/rosidl_typesupport_fastrtps_c__visibility_control.h\n'}
[0.817549] (my_robot_interfaces) StdoutLine: {'line': b'-- Up-to-date symlink: /home/fog/ros2_ws/install/my_robot_interfaces/include/my_robot_interfaces/my_robot_interfaces/srv/detail/addthree_ints__rosidl_typesupport_fastrtps_c.h\n'}
[0.818103] (my_robot_interfaces) StdoutLine: {'line': b'-- Up-to-date symlink: /home/fog/ros2_ws/install/my_robot_interfaces/include/my_robot_interfaces/my_robot_interfaces/srv/detail/catch_turtle__rosidl_typesupport_fastrtps_c.h\n'}
[0.820547] (my_robot_interfaces) StdoutLine: {'line': b'-- Up-to-date symlink: /home/fog/ros2_ws/install/my_robot_interfaces/include/my_robot_interfaces/my_robot_interfaces/msg/detail/turtle__rosidl_typesupport_introspection_c.h\n'}
[0.820954] (my_robot_interfaces) StdoutLine: {'line': b'-- Up-to-date symlink: /home/fog/ros2_ws/install/my_robot_interfaces/include/my_robot_interfaces/my_robot_interfaces/msg/detail/turtle_array__rosidl_typesupport_introspection_c.h\n'}
[0.821542] (my_robot_interfaces) StdoutLine: {'line': b'-- Up-to-date symlink: /home/fog/ros2_ws/install/my_robot_interfaces/include/my_robot_interfaces/my_robot_interfaces/msg/detail/weather__rosidl_typesupport_introspection_c.h\n'}
[0.821874] (my_robot_interfaces) StdoutLine: {'line': b'-- Up-to-date symlink: /home/fog/ros2_ws/install/my_robot_interfaces/include/my_robot_interfaces/my_robot_interfaces/msg/rosidl_typesupport_introspection_c__visibility_control.h\n'}
[0.822382] (my_robot_interfaces) StdoutLine: {'line': b'-- Up-to-date symlink: /home/fog/ros2_ws/install/my_robot_interfaces/include/my_robot_interfaces/my_robot_interfaces/srv/detail/addthree_ints__rosidl_typesupport_introspection_c.h\n'}
[0.822668] (my_robot_interfaces) StdoutLine: {'line': b'-- Up-to-date symlink: /home/fog/ros2_ws/install/my_robot_interfaces/include/my_robot_interfaces/my_robot_interfaces/srv/detail/catch_turtle__rosidl_typesupport_introspection_c.h\n'}
[0.825932] (my_robot_interfaces) StdoutLine: {'line': b'-- Up-to-date symlink: /home/fog/ros2_ws/install/my_robot_interfaces/include/my_robot_interfaces/my_robot_interfaces/msg/detail/turtle__builder.hpp\n'}
[0.826334] (my_robot_interfaces) StdoutLine: {'line': b'-- Up-to-date symlink: /home/fog/ros2_ws/install/my_robot_interfaces/include/my_robot_interfaces/my_robot_interfaces/msg/detail/turtle__struct.hpp\n'}
[0.826757] (my_robot_interfaces) StdoutLine: {'line': b'-- Up-to-date symlink: /home/fog/ros2_ws/install/my_robot_interfaces/include/my_robot_interfaces/my_robot_interfaces/msg/detail/turtle__traits.hpp\n'}
[0.827079] (my_robot_interfaces) StdoutLine: {'line': b'-- Up-to-date symlink: /home/fog/ros2_ws/install/my_robot_interfaces/include/my_robot_interfaces/my_robot_interfaces/msg/detail/turtle__type_support.hpp\n'}
[0.827545] (my_robot_interfaces) StdoutLine: {'line': b'-- Up-to-date symlink: /home/fog/ros2_ws/install/my_robot_interfaces/include/my_robot_interfaces/my_robot_interfaces/msg/detail/turtle_array__builder.hpp\n'}
[0.828016] (my_robot_interfaces) StdoutLine: {'line': b'-- Up-to-date symlink: /home/fog/ros2_ws/install/my_robot_interfaces/include/my_robot_interfaces/my_robot_interfaces/msg/detail/turtle_array__struct.hpp\n'}
[0.828457] (my_robot_interfaces) StdoutLine: {'line': b'-- Up-to-date symlink: /home/fog/ros2_ws/install/my_robot_interfaces/include/my_robot_interfaces/my_robot_interfaces/msg/detail/turtle_array__traits.hpp\n'}
[0.829130] (my_robot_interfaces) StdoutLine: {'line': b'-- Up-to-date symlink: /home/fog/ros2_ws/install/my_robot_interfaces/include/my_robot_interfaces/my_robot_interfaces/msg/detail/turtle_array__type_support.hpp\n'}
[0.829346] (my_robot_interfaces) StdoutLine: {'line': b'-- Up-to-date symlink: /home/fog/ros2_ws/install/my_robot_interfaces/include/my_robot_interfaces/my_robot_interfaces/msg/detail/weather__builder.hpp\n'}
[0.829768] (my_robot_interfaces) StdoutLine: {'line': b'-- Up-to-date symlink: /home/fog/ros2_ws/install/my_robot_interfaces/include/my_robot_interfaces/my_robot_interfaces/msg/detail/weather__struct.hpp\n'}
[0.829993] (my_robot_interfaces) StdoutLine: {'line': b'-- Up-to-date symlink: /home/fog/ros2_ws/install/my_robot_interfaces/include/my_robot_interfaces/my_robot_interfaces/msg/detail/weather__traits.hpp\n'}
[0.830453] (my_robot_interfaces) StdoutLine: {'line': b'-- Up-to-date symlink: /home/fog/ros2_ws/install/my_robot_interfaces/include/my_robot_interfaces/my_robot_interfaces/msg/detail/weather__type_support.hpp\n'}
[0.830819] (my_robot_interfaces) StdoutLine: {'line': b'-- Up-to-date symlink: /home/fog/ros2_ws/install/my_robot_interfaces/include/my_robot_interfaces/my_robot_interfaces/msg/rosidl_generator_cpp__visibility_control.hpp\n'}
[0.831515] (my_robot_interfaces) StdoutLine: {'line': b'-- Up-to-date symlink: /home/fog/ros2_ws/install/my_robot_interfaces/include/my_robot_interfaces/my_robot_interfaces/msg/turtle.hpp\n'}
[0.831984] (my_robot_interfaces) StdoutLine: {'line': b'-- Up-to-date symlink: /home/fog/ros2_ws/install/my_robot_interfaces/include/my_robot_interfaces/my_robot_interfaces/msg/turtle_array.hpp\n'}
[0.832263] (my_robot_interfaces) StdoutLine: {'line': b'-- Up-to-date symlink: /home/fog/ros2_ws/install/my_robot_interfaces/include/my_robot_interfaces/my_robot_interfaces/msg/weather.hpp\n'}
[0.833345] (my_robot_interfaces) StdoutLine: {'line': b'-- Up-to-date symlink: /home/fog/ros2_ws/install/my_robot_interfaces/include/my_robot_interfaces/my_robot_interfaces/srv/addthree_ints.hpp\n'}
[0.833750] (my_robot_interfaces) StdoutLine: {'line': b'-- Up-to-date symlink: /home/fog/ros2_ws/install/my_robot_interfaces/include/my_robot_interfaces/my_robot_interfaces/srv/catch_turtle.hpp\n'}
[0.834224] (my_robot_interfaces) StdoutLine: {'line': b'-- Up-to-date symlink: /home/fog/ros2_ws/install/my_robot_interfaces/include/my_robot_interfaces/my_robot_interfaces/srv/detail/addthree_ints__builder.hpp\n'}
[0.834825] (my_robot_interfaces) StdoutLine: {'line': b'-- Up-to-date symlink: /home/fog/ros2_ws/install/my_robot_interfaces/include/my_robot_interfaces/my_robot_interfaces/srv/detail/addthree_ints__struct.hpp\n'}
[0.835072] (my_robot_interfaces) StdoutLine: {'line': b'-- Up-to-date symlink: /home/fog/ros2_ws/install/my_robot_interfaces/include/my_robot_interfaces/my_robot_interfaces/srv/detail/addthree_ints__traits.hpp\n'}
[0.835662] (my_robot_interfaces) StdoutLine: {'line': b'-- Up-to-date symlink: /home/fog/ros2_ws/install/my_robot_interfaces/include/my_robot_interfaces/my_robot_interfaces/srv/detail/addthree_ints__type_support.hpp\n'}
[0.836256] (my_robot_interfaces) StdoutLine: {'line': b'-- Up-to-date symlink: /home/fog/ros2_ws/install/my_robot_interfaces/include/my_robot_interfaces/my_robot_interfaces/srv/detail/catch_turtle__builder.hpp\n'}
[0.836692] (my_robot_interfaces) StdoutLine: {'line': b'-- Up-to-date symlink: /home/fog/ros2_ws/install/my_robot_interfaces/include/my_robot_interfaces/my_robot_interfaces/srv/detail/catch_turtle__struct.hpp\n'}
[0.837122] (my_robot_interfaces) StdoutLine: {'line': b'-- Up-to-date symlink: /home/fog/ros2_ws/install/my_robot_interfaces/include/my_robot_interfaces/my_robot_interfaces/srv/detail/catch_turtle__traits.hpp\n'}
[0.837597] (my_robot_interfaces) StdoutLine: {'line': b'-- Up-to-date symlink: /home/fog/ros2_ws/install/my_robot_interfaces/include/my_robot_interfaces/my_robot_interfaces/srv/detail/catch_turtle__type_support.hpp\n'}
[0.840508] (my_robot_interfaces) StdoutLine: {'line': b'-- Up-to-date symlink: /home/fog/ros2_ws/install/my_robot_interfaces/include/my_robot_interfaces/my_robot_interfaces/msg/detail/turtle__rosidl_typesupport_fastrtps_cpp.hpp\n'}
[0.840939] (my_robot_interfaces) StdoutLine: {'line': b'-- Up-to-date symlink: /home/fog/ros2_ws/install/my_robot_interfaces/include/my_robot_interfaces/my_robot_interfaces/msg/detail/turtle_array__rosidl_typesupport_fastrtps_cpp.hpp\n'}
[0.841311] (my_robot_interfaces) StdoutLine: {'line': b'-- Up-to-date symlink: /home/fog/ros2_ws/install/my_robot_interfaces/include/my_robot_interfaces/my_robot_interfaces/msg/detail/weather__rosidl_typesupport_fastrtps_cpp.hpp\n'}
[0.841745] (my_robot_interfaces) StdoutLine: {'line': b'-- Up-to-date symlink: /home/fog/ros2_ws/install/my_robot_interfaces/include/my_robot_interfaces/my_robot_interfaces/msg/rosidl_typesupport_fastrtps_cpp__visibility_control.h\n'}
[0.842726] (my_robot_interfaces) StdoutLine: {'line': b'-- Up-to-date symlink: /home/fog/ros2_ws/install/my_robot_interfaces/include/my_robot_interfaces/my_robot_interfaces/srv/detail/addthree_ints__rosidl_typesupport_fastrtps_cpp.hpp\n'}
[0.843047] (my_robot_interfaces) StdoutLine: {'line': b'-- Up-to-date symlink: /home/fog/ros2_ws/install/my_robot_interfaces/include/my_robot_interfaces/my_robot_interfaces/srv/detail/catch_turtle__rosidl_typesupport_fastrtps_cpp.hpp\n'}
[0.844976] (my_robot_interfaces) StdoutLine: {'line': b'-- Up-to-date symlink: /home/fog/ros2_ws/install/my_robot_interfaces/include/my_robot_interfaces/my_robot_interfaces/msg/detail/turtle__rosidl_typesupport_introspection_cpp.hpp\n'}
[0.845695] (my_robot_interfaces) StdoutLine: {'line': b'-- Up-to-date symlink: /home/fog/ros2_ws/install/my_robot_interfaces/include/my_robot_interfaces/my_robot_interfaces/msg/detail/turtle_array__rosidl_typesupport_introspection_cpp.hpp\n'}
[0.846090] (my_robot_interfaces) StdoutLine: {'line': b'-- Up-to-date symlink: /home/fog/ros2_ws/install/my_robot_interfaces/include/my_robot_interfaces/my_robot_interfaces/msg/detail/weather__rosidl_typesupport_introspection_cpp.hpp\n'}
[0.846557] (my_robot_interfaces) StdoutLine: {'line': b'-- Up-to-date symlink: /home/fog/ros2_ws/install/my_robot_interfaces/include/my_robot_interfaces/my_robot_interfaces/srv/detail/addthree_ints__rosidl_typesupport_introspection_cpp.hpp\n'}
[0.847062] (my_robot_interfaces) StdoutLine: {'line': b'-- Up-to-date symlink: /home/fog/ros2_ws/install/my_robot_interfaces/include/my_robot_interfaces/my_robot_interfaces/srv/detail/catch_turtle__rosidl_typesupport_introspection_cpp.hpp\n'}
[0.847988] (my_robot_interfaces) StdoutLine: {'line': b'-- Up-to-date symlink: /home/fog/ros2_ws/install/my_robot_interfaces/share/my_robot_interfaces/environment/pythonpath.sh\n'}
[0.848523] (my_robot_interfaces) StdoutLine: {'line': b'-- Up-to-date symlink: /home/fog/ros2_ws/install/my_robot_interfaces/share/my_robot_interfaces/environment/pythonpath.dsv\n'}
[0.848916] (my_robot_interfaces) StdoutLine: {'line': b'-- Up-to-date symlink: /home/fog/ros2_ws/install/my_robot_interfaces/local/lib/python3.10/dist-packages/my_robot_interfaces-0.0.0-py3.10.egg-info/PKG-INFO\n'}
[0.849373] (my_robot_interfaces) StdoutLine: {'line': b'-- Up-to-date symlink: /home/fog/ros2_ws/install/my_robot_interfaces/local/lib/python3.10/dist-packages/my_robot_interfaces-0.0.0-py3.10.egg-info/SOURCES.txt\n'}
[0.849758] (my_robot_interfaces) StdoutLine: {'line': b'-- Up-to-date symlink: /home/fog/ros2_ws/install/my_robot_interfaces/local/lib/python3.10/dist-packages/my_robot_interfaces-0.0.0-py3.10.egg-info/dependency_links.txt\n'}
[0.850307] (my_robot_interfaces) StdoutLine: {'line': b'-- Up-to-date symlink: /home/fog/ros2_ws/install/my_robot_interfaces/local/lib/python3.10/dist-packages/my_robot_interfaces-0.0.0-py3.10.egg-info/top_level.txt\n'}
[0.851011] (my_robot_interfaces) StdoutLine: {'line': b'-- Up-to-date symlink: /home/fog/ros2_ws/install/my_robot_interfaces/local/lib/python3.10/dist-packages/my_robot_interfaces/__init__.py\n'}
[0.851645] (my_robot_interfaces) StdoutLine: {'line': b'-- Up-to-date symlink: /home/fog/ros2_ws/install/my_robot_interfaces/local/lib/python3.10/dist-packages/my_robot_interfaces/_my_robot_interfaces_s.ep.rosidl_typesupport_c.c\n'}
[0.852271] (my_robot_interfaces) StdoutLine: {'line': b'-- Up-to-date symlink: /home/fog/ros2_ws/install/my_robot_interfaces/local/lib/python3.10/dist-packages/my_robot_interfaces/_my_robot_interfaces_s.ep.rosidl_typesupport_fastrtps_c.c\n'}
[0.852594] (my_robot_interfaces) StdoutLine: {'line': b'-- Up-to-date symlink: /home/fog/ros2_ws/install/my_robot_interfaces/local/lib/python3.10/dist-packages/my_robot_interfaces/_my_robot_interfaces_s.ep.rosidl_typesupport_introspection_c.c\n'}
[0.853028] (my_robot_interfaces) StdoutLine: {'line': b'-- Up-to-date symlink: /home/fog/ros2_ws/install/my_robot_interfaces/local/lib/python3.10/dist-packages/my_robot_interfaces/libmy_robot_interfaces__rosidl_generator_py.so\n'}
[0.853496] (my_robot_interfaces) StdoutLine: {'line': b'-- Up-to-date symlink: /home/fog/ros2_ws/install/my_robot_interfaces/local/lib/python3.10/dist-packages/my_robot_interfaces/msg/__init__.py\n'}
[0.854001] (my_robot_interfaces) StdoutLine: {'line': b'-- Up-to-date symlink: /home/fog/ros2_ws/install/my_robot_interfaces/local/lib/python3.10/dist-packages/my_robot_interfaces/msg/_turtle.py\n'}
[0.854955] (my_robot_interfaces) StdoutLine: {'line': b'-- Up-to-date symlink: /home/fog/ros2_ws/install/my_robot_interfaces/local/lib/python3.10/dist-packages/my_robot_interfaces/msg/_turtle_array.py\n'}
[0.855355] (my_robot_interfaces) StdoutLine: {'line': b'-- Up-to-date symlink: /home/fog/ros2_ws/install/my_robot_interfaces/local/lib/python3.10/dist-packages/my_robot_interfaces/msg/_turtle_array_s.c\n'}
[0.855860] (my_robot_interfaces) StdoutLine: {'line': b'-- Up-to-date symlink: /home/fog/ros2_ws/install/my_robot_interfaces/local/lib/python3.10/dist-packages/my_robot_interfaces/msg/_turtle_s.c\n'}
[0.856076] (my_robot_interfaces) StdoutLine: {'line': b'-- Up-to-date symlink: /home/fog/ros2_ws/install/my_robot_interfaces/local/lib/python3.10/dist-packages/my_robot_interfaces/msg/_weather.py\n'}
[0.857871] (my_robot_interfaces) StdoutLine: {'line': b'-- Up-to-date symlink: /home/fog/ros2_ws/install/my_robot_interfaces/local/lib/python3.10/dist-packages/my_robot_interfaces/msg/_weather_s.c\n'}
[0.858968] (my_robot_interfaces) StdoutLine: {'line': b'-- Up-to-date symlink: /home/fog/ros2_ws/install/my_robot_interfaces/local/lib/python3.10/dist-packages/my_robot_interfaces/my_robot_interfaces_s__rosidl_typesupport_c.cpython-310-x86_64-linux-gnu.so\n'}
[0.859321] (my_robot_interfaces) StdoutLine: {'line': b'-- Up-to-date symlink: /home/fog/ros2_ws/install/my_robot_interfaces/local/lib/python3.10/dist-packages/my_robot_interfaces/my_robot_interfaces_s__rosidl_typesupport_fastrtps_c.cpython-310-x86_64-linux-gnu.so\n'}
[0.859813] (my_py_pkg) Command: {'cmd': ['/usr/bin/python3', '-W', 'ignore:setup.py install is deprecated', '-W', 'ignore:easy_install command is deprecated', 'setup.py', 'develop', '--uninstall', '--editable', '--build-directory', '/home/fog/ros2_ws/build/my_py_pkg/build'], 'cwd': '/home/fog/ros2_ws/build/my_py_pkg', 'env': {'GJS_DEBUG_TOPICS': 'JS ERROR;JS LOG', 'LESSOPEN': '| /usr/bin/lesspipe %s', 'LANGUAGE': 'zh_CN:en', 'USER': 'fog', 'LC_TIME': 'zh_CN.UTF-8', 'XDG_SESSION_TYPE': 'x11', 'SHLVL': '1', 'LD_LIBRARY_PATH': '/usr/lib/x86_64-linux-gnu/gazebo-11/plugins:/opt/ros/humble/opt/rviz_ogre_vendor/lib:/opt/ros/humble/lib/x86_64-linux-gnu:/opt/ros/humble/lib:/usr/share/gazebo/../../lib/x86_64-linux-gnu/gazebo-11/plugins:', 'HOME': '/home/fog', 'OLDPWD': '/home/fog', 'DESKTOP_SESSION': 'ubuntu', 'GIO_LAUNCHED_DESKTOP_FILE': '/usr/share/applications/terminator.desktop', 'GAZEBO_MASTER_URI': 'http://localhost:11345', 'ROS_PYTHON_VERSION': '3', 'GNOME_SHELL_SESSION_MODE': 'ubuntu', 'GTK_MODULES': 'gail:atk-bridge', 'LC_MONETARY': 'zh_CN.UTF-8', 'MANAGERPID': '1258', 'SYSTEMD_EXEC_PID': '1404', 'DBUS_SESSION_BUS_ADDRESS': 'unix:path=/run/user/1000/bus', 'COLORTERM': 'truecolor', 'TERMINATOR_DBUS_NAME': 'net.tenshu.Terminator25ef4b219e3b005583550f2b0f9f990c3', 'GIO_LAUNCHED_DESKTOP_FILE_PID': '50755', 'IM_CONFIG_PHASE': '1', 'WAYLAND_DISPLAY': 'wayland-0', 'ROS_DISTRO': 'humble', 'LOGNAME': 'fog', 'JOURNAL_STREAM': '8:23341', '_': '/usr/bin/colcon', 'ROS_VERSION': '2', 'XDG_SESSION_CLASS': 'user', 'USERNAME': 'fog', 'TERM': 'xterm-256color', 'GAZEBO_MODEL_PATH': '/usr/share/gazebo/../../share/gazebo-11/models::/opt/ros/humble/share/turtlebot3_gazebo/models', 'GNOME_DESKTOP_SESSION_ID': 'this-is-deprecated', 'ROS_LOCALHOST_ONLY': '0', 'OGRE_RESOURCE_PATH': '/usr/lib/x86_64-linux-gnu/OGRE-1.9.0', 'PATH': '/opt/ros/humble/bin:/usr/local/sbin:/usr/local/bin:/usr/sbin:/usr/bin:/sbin:/bin:/usr/games:/usr/local/games:/snap/bin:/snap/bin', 'SESSION_MANAGER': 'local/fog:@/tmp/.ICE-unix/1371,unix/fog:/tmp/.ICE-unix/1371', 'INVOCATION_ID': '304372798fba4ccabd80b8e4596a5595', 'PAPERSIZE': 'a4', 'XDG_MENU_PREFIX': 'gnome-', 'LC_ADDRESS': 'zh_CN.UTF-8', 'GNOME_SETUP_DISPLAY': ':1', 'XDG_RUNTIME_DIR': '/run/user/1000', 'DISPLAY': ':0', 'TERMINATOR_DBUS_PATH': '/net/tenshu/Terminator2', 'LANG': 'zh_CN.UTF-8', 'XDG_CURRENT_DESKTOP': 'ubuntu:GNOME', 'IBUS_DISABLE_SNOOPER': '1', 'LC_TELEPHONE': 'zh_CN.UTF-8', 'XMODIFIERS': '@im=ibus', 'XDG_SESSION_DESKTOP': 'ubuntu', 'XAUTHORITY': '/run/user/1000/.mutter-Xwaylandauth.A0F5N3', 'LS_COLORS': 'rs=0:di=01;34:ln=01;36:mh=00:pi=40;33:so=01;35:do=01;35:bd=40;33;01:cd=40;33;01:or=40;31;01:mi=00:su=37;41:sg=30;43:ca=30;41:tw=30;42:ow=34;42:st=37;44:ex=01;32:*.tar=01;31:*.tgz=01;31:*.arc=01;31:*.arj=01;31:*.taz=01;31:*.lha=01;31:*.lz4=01;31:*.lzh=01;31:*.lzma=01;31:*.tlz=01;31:*.txz=01;31:*.tzo=01;31:*.t7z=01;31:*.zip=01;31:*.z=01;31:*.dz=01;31:*.gz=01;31:*.lrz=01;31:*.lz=01;31:*.lzo=01;31:*.xz=01;31:*.zst=01;31:*.tzst=01;31:*.bz2=01;31:*.bz=01;31:*.tbz=01;31:*.tbz2=01;31:*.tz=01;31:*.deb=01;31:*.rpm=01;31:*.jar=01;31:*.war=01;31:*.ear=01;31:*.sar=01;31:*.rar=01;31:*.alz=01;31:*.ace=01;31:*.zoo=01;31:*.cpio=01;31:*.7z=01;31:*.rz=01;31:*.cab=01;31:*.wim=01;31:*.swm=01;31:*.dwm=01;31:*.esd=01;31:*.jpg=01;35:*.jpeg=01;35:*.mjpg=01;35:*.mjpeg=01;35:*.gif=01;35:*.bmp=01;35:*.pbm=01;35:*.pgm=01;35:*.ppm=01;35:*.tga=01;35:*.xbm=01;35:*.xpm=01;35:*.tif=01;35:*.tiff=01;35:*.png=01;35:*.svg=01;35:*.svgz=01;35:*.mng=01;35:*.pcx=01;35:*.mov=01;35:*.mpg=01;35:*.mpeg=01;35:*.m2v=01;35:*.mkv=01;35:*.webm=01;35:*.webp=01;35:*.ogm=01;35:*.mp4=01;35:*.m4v=01;35:*.mp4v=01;35:*.vob=01;35:*.qt=01;35:*.nuv=01;35:*.wmv=01;35:*.asf=01;35:*.rm=01;35:*.rmvb=01;35:*.flc=01;35:*.avi=01;35:*.fli=01;35:*.flv=01;35:*.gl=01;35:*.dl=01;35:*.xcf=01;35:*.xwd=01;35:*.yuv=01;35:*.cgm=01;35:*.emf=01;35:*.ogv=01;35:*.ogx=01;35:*.aac=00;36:*.au=00;36:*.flac=00;36:*.m4a=00;36:*.mid=00;36:*.midi=00;36:*.mka=00;36:*.mp3=00;36:*.mpc=00;36:*.ogg=00;36:*.ra=00;36:*.wav=00;36:*.oga=00;36:*.opus=00;36:*.spx=00;36:*.xspf=00;36:', 'SSH_AGENT_LAUNCHER': 'gnome-keyring', 'SSH_AUTH_SOCK': '/run/user/1000/keyring/ssh', 'AMENT_PREFIX_PATH': '/opt/ros/humble', 'SHELL': '/bin/bash', 'LC_NAME': 'zh_CN.UTF-8', 'TERMINATOR_UUID': 'urn:uuid:b1e59339-5e4a-4026-ac48-db5733326a56', 'QT_ACCESSIBILITY': '1', 'GDMSESSION': 'ubuntu', 'LESSCLOSE': '/usr/bin/lesspipe %s %s', 'LC_MEASUREMENT': 'zh_CN.UTF-8', 'GAZEBO_RESOURCE_PATH': '/usr/share/gazebo/../../share/gazebo-11:', 'GJS_DEBUG_OUTPUT': 'stderr', 'LC_IDENTIFICATION': 'zh_CN.UTF-8', 'GAZEBO_MODEL_DATABASE_URI': 'http://models.gazebosim.org', 'QT_IM_MODULE': 'ibus', 'PWD': '/home/fog/ros2_ws/build/my_py_pkg', 'QT_QPA_PLATFORM': 'xcb', 'TURTLEBOT3_MODEL': 'burger', 'XDG_CONFIG_DIRS': '/etc/xdg/xdg-ubuntu:/etc/xdg', 'GAZEBO_PLUGIN_PATH': '/usr/share/gazebo/../../lib/x86_64-linux-gnu/gazebo-11/plugins:', 'XDG_DATA_DIRS': '/usr/share/ubuntu:/usr/local/share/:/usr/share/:/var/lib/snapd/desktop', 'PYTHONPATH': '/home/fog/ros2_ws/build/my_py_pkg/prefix_override:/usr/lib/python3/dist-packages/colcon_core/task/python/colcon_distutils_commands:/home/fog/ros2_ws/install/my_py_pkg/lib/python3.10/site-packages:/opt/ros/humble/lib/python3.10/site-packages:/opt/ros/humble/local/lib/python3.10/dist-packages', 'LC_NUMERIC': 'zh_CN.UTF-8', 'LC_PAPER': 'zh_CN.UTF-8', 'COLCON': '1', 'VTE_VERSION': '6800'}, 'shell': False}
[0.862040] (my_robot_interfaces) StdoutLine: {'line': b'-- Up-to-date symlink: /home/fog/ros2_ws/install/my_robot_interfaces/local/lib/python3.10/dist-packages/my_robot_interfaces/my_robot_interfaces_s__rosidl_typesupport_introspection_c.cpython-310-x86_64-linux-gnu.so\n'}
[0.862274] (my_robot_interfaces) StdoutLine: {'line': b'-- Up-to-date symlink: /home/fog/ros2_ws/install/my_robot_interfaces/local/lib/python3.10/dist-packages/my_robot_interfaces/srv/__init__.py\n'}
[0.862453] (my_robot_interfaces) StdoutLine: {'line': b'-- Up-to-date symlink: /home/fog/ros2_ws/install/my_robot_interfaces/local/lib/python3.10/dist-packages/my_robot_interfaces/srv/_addthree_ints.py\n'}
[0.862517] (my_robot_interfaces) StdoutLine: {'line': b'-- Up-to-date symlink: /home/fog/ros2_ws/install/my_robot_interfaces/local/lib/python3.10/dist-packages/my_robot_interfaces/srv/_addthree_ints_s.c\n'}
[0.862872] (my_robot_interfaces) StdoutLine: {'line': b'-- Up-to-date symlink: /home/fog/ros2_ws/install/my_robot_interfaces/local/lib/python3.10/dist-packages/my_robot_interfaces/srv/_catch_turtle.py\n'}
[0.862945] (my_robot_interfaces) StdoutLine: {'line': b'-- Up-to-date symlink: /home/fog/ros2_ws/install/my_robot_interfaces/local/lib/python3.10/dist-packages/my_robot_interfaces/srv/_catch_turtle_s.c\n'}
[0.863003] (my_robot_interfaces) StdoutLine: {'line': b'-- Up-to-date symlink: /home/fog/ros2_ws/install/my_robot_interfaces/local/lib/python3.10/dist-packages/my_robot_interfaces/my_robot_interfaces_s__rosidl_typesupport_fastrtps_c.cpython-310-x86_64-linux-gnu.so\n'}
[0.863061] (my_robot_interfaces) StdoutLine: {'line': b'-- Up-to-date symlink: /home/fog/ros2_ws/install/my_robot_interfaces/local/lib/python3.10/dist-packages/my_robot_interfaces/my_robot_interfaces_s__rosidl_typesupport_introspection_c.cpython-310-x86_64-linux-gnu.so\n'}
[0.863220] (my_robot_interfaces) StdoutLine: {'line': b'-- Up-to-date symlink: /home/fog/ros2_ws/install/my_robot_interfaces/local/lib/python3.10/dist-packages/my_robot_interfaces/my_robot_interfaces_s__rosidl_typesupport_c.cpython-310-x86_64-linux-gnu.so\n'}
[0.863281] (my_robot_interfaces) StdoutLine: {'line': b'-- Up-to-date symlink: /home/fog/ros2_ws/install/my_robot_interfaces/share/ament_index/resource_index/rust_packages/my_robot_interfaces\n'}
[0.863792] (my_robot_interfaces) StdoutLine: {'line': b'-- Up-to-date symlink: /home/fog/ros2_ws/install/my_robot_interfaces/share/my_robot_interfaces/rust/Cargo.toml\n'}
[0.864294] (my_robot_interfaces) StdoutLine: {'line': b'-- Up-to-date symlink: /home/fog/ros2_ws/install/my_robot_interfaces/share/my_robot_interfaces/rust/build.rs\n'}
[0.864611] (my_robot_interfaces) StdoutLine: {'line': b'-- Up-to-date symlink: /home/fog/ros2_ws/install/my_robot_interfaces/share/my_robot_interfaces/rust/src/lib.rs\n'}
[0.864958] (my_robot_interfaces) StdoutLine: {'line': b'-- Up-to-date symlink: /home/fog/ros2_ws/install/my_robot_interfaces/share/my_robot_interfaces/rust/src/msg.rs\n'}
[0.865171] (my_robot_interfaces) StdoutLine: {'line': b'-- Up-to-date symlink: /home/fog/ros2_ws/install/my_robot_interfaces/share/my_robot_interfaces/rust/src/msg/rmw.rs\n'}
[0.865488] (my_robot_interfaces) StdoutLine: {'line': b'-- Up-to-date symlink: /home/fog/ros2_ws/install/my_robot_interfaces/share/my_robot_interfaces/rust/src/srv.rs\n'}
[0.865971] (my_robot_interfaces) StdoutLine: {'line': b'-- Up-to-date symlink: /home/fog/ros2_ws/install/my_robot_interfaces/share/my_robot_interfaces/rust/src/srv/rmw.rs\n'}
[0.866483] (my_robot_interfaces) StdoutLine: {'line': b'-- Up-to-date symlink: /home/fog/ros2_ws/install/my_robot_interfaces/share/my_robot_interfaces/msg/Weather.idl\n'}
[0.866830] (my_robot_interfaces) StdoutLine: {'line': b'-- Up-to-date symlink: /home/fog/ros2_ws/install/my_robot_interfaces/share/my_robot_interfaces/msg/Turtle.idl\n'}
[0.867437] (my_robot_interfaces) StdoutLine: {'line': b'-- Up-to-date symlink: /home/fog/ros2_ws/install/my_robot_interfaces/share/my_robot_interfaces/msg/TurtleArray.idl\n'}
[0.867957] (my_robot_interfaces) StdoutLine: {'line': b'-- Up-to-date symlink: /home/fog/ros2_ws/install/my_robot_interfaces/share/my_robot_interfaces/srv/AddthreeInts.idl\n'}
[0.868350] (my_robot_interfaces) StdoutLine: {'line': b'-- Up-to-date symlink: /home/fog/ros2_ws/install/my_robot_interfaces/share/my_robot_interfaces/srv/CatchTurtle.idl\n'}
[0.868569] (my_robot_interfaces) StdoutLine: {'line': b'-- Up-to-date symlink: /home/fog/ros2_ws/install/my_robot_interfaces/share/my_robot_interfaces/msg/Weather.msg\n'}
[0.868922] (my_robot_interfaces) StdoutLine: {'line': b'-- Up-to-date symlink: /home/fog/ros2_ws/install/my_robot_interfaces/share/my_robot_interfaces/msg/Turtle.msg\n'}
[0.869269] (my_robot_interfaces) StdoutLine: {'line': b'-- Up-to-date symlink: /home/fog/ros2_ws/install/my_robot_interfaces/share/my_robot_interfaces/msg/TurtleArray.msg\n'}
[0.869718] (my_robot_interfaces) StdoutLine: {'line': b'-- Up-to-date symlink: /home/fog/ros2_ws/install/my_robot_interfaces/share/my_robot_interfaces/srv/AddthreeInts.srv\n'}
[0.870283] (my_robot_interfaces) StdoutLine: {'line': b'-- Up-to-date symlink: /home/fog/ros2_ws/install/my_robot_interfaces/share/my_robot_interfaces/srv/AddthreeInts_Request.msg\n'}
[0.870976] (my_robot_interfaces) StdoutLine: {'line': b'-- Up-to-date symlink: /home/fog/ros2_ws/install/my_robot_interfaces/share/my_robot_interfaces/srv/AddthreeInts_Response.msg\n'}
[0.871350] (my_robot_interfaces) StdoutLine: {'line': b'-- Up-to-date symlink: /home/fog/ros2_ws/install/my_robot_interfaces/share/my_robot_interfaces/srv/CatchTurtle.srv\n'}
[0.871606] (my_robot_interfaces) StdoutLine: {'line': b'-- Up-to-date symlink: /home/fog/ros2_ws/install/my_robot_interfaces/share/my_robot_interfaces/srv/CatchTurtle_Request.msg\n'}
[0.871828] (my_robot_interfaces) StdoutLine: {'line': b'-- Up-to-date symlink: /home/fog/ros2_ws/install/my_robot_interfaces/share/my_robot_interfaces/srv/CatchTurtle_Response.msg\n'}
[0.872247] (my_robot_interfaces) StdoutLine: {'line': b'-- Up-to-date symlink: /home/fog/ros2_ws/install/my_robot_interfaces/share/ament_index/resource_index/package_run_dependencies/my_robot_interfaces\n'}
[0.872646] (my_robot_interfaces) StdoutLine: {'line': b'-- Up-to-date symlink: /home/fog/ros2_ws/install/my_robot_interfaces/share/ament_index/resource_index/parent_prefix_path/my_robot_interfaces\n'}
[0.872975] (my_robot_interfaces) StdoutLine: {'line': b'-- Up-to-date symlink: /home/fog/ros2_ws/install/my_robot_interfaces/share/my_robot_interfaces/environment/ament_prefix_path.sh\n'}
[0.873345] (my_robot_interfaces) StdoutLine: {'line': b'-- Up-to-date symlink: /home/fog/ros2_ws/install/my_robot_interfaces/share/my_robot_interfaces/environment/ament_prefix_path.dsv\n'}
[0.873727] (my_robot_interfaces) StdoutLine: {'line': b'-- Up-to-date symlink: /home/fog/ros2_ws/install/my_robot_interfaces/share/my_robot_interfaces/environment/path.sh\n'}
[0.874328] (my_robot_interfaces) StdoutLine: {'line': b'-- Up-to-date symlink: /home/fog/ros2_ws/install/my_robot_interfaces/share/my_robot_interfaces/environment/path.dsv\n'}
[0.874854] (my_robot_interfaces) StdoutLine: {'line': b'-- Up-to-date symlink: /home/fog/ros2_ws/install/my_robot_interfaces/share/my_robot_interfaces/local_setup.bash\n'}
[0.875368] (my_robot_interfaces) StdoutLine: {'line': b'-- Up-to-date symlink: /home/fog/ros2_ws/install/my_robot_interfaces/share/my_robot_interfaces/local_setup.sh\n'}
[0.875794] (my_robot_interfaces) StdoutLine: {'line': b'-- Up-to-date symlink: /home/fog/ros2_ws/install/my_robot_interfaces/share/my_robot_interfaces/local_setup.zsh\n'}
[0.876171] (my_robot_interfaces) StdoutLine: {'line': b'-- Up-to-date symlink: /home/fog/ros2_ws/install/my_robot_interfaces/share/my_robot_interfaces/local_setup.dsv\n'}
[0.876384] (my_robot_interfaces) StdoutLine: {'line': b'-- Symlinking: /home/fog/ros2_ws/install/my_robot_interfaces/share/my_robot_interfaces/package.dsv\n'}
[0.888620] (my_robot_interfaces) StdoutLine: {'line': b'-- Up-to-date symlink: /home/fog/ros2_ws/install/my_robot_interfaces/share/ament_index/resource_index/packages/my_robot_interfaces\n'}
[0.889281] (my_robot_interfaces) StdoutLine: {'line': b'-- Up-to-date symlink: /home/fog/ros2_ws/install/my_robot_interfaces/share/my_robot_interfaces/cmake/rosidl_cmake-extras.cmake\n'}
[0.889827] (my_robot_interfaces) StdoutLine: {'line': b'-- Up-to-date symlink: /home/fog/ros2_ws/install/my_robot_interfaces/share/my_robot_interfaces/cmake/ament_cmake_export_include_directories-extras.cmake\n'}
[0.890247] (my_robot_interfaces) StdoutLine: {'line': b'-- Up-to-date symlink: /home/fog/ros2_ws/install/my_robot_interfaces/share/my_robot_interfaces/cmake/ament_cmake_export_libraries-extras.cmake\n'}
[0.890776] (my_robot_interfaces) StdoutLine: {'line': b'-- Up-to-date symlink: /home/fog/ros2_ws/install/my_robot_interfaces/share/my_robot_interfaces/cmake/ament_cmake_export_targets-extras.cmake\n'}
[0.891292] (my_robot_interfaces) StdoutLine: {'line': b'-- Up-to-date symlink: /home/fog/ros2_ws/install/my_robot_interfaces/share/my_robot_interfaces/cmake/rosidl_cmake_export_typesupport_targets-extras.cmake\n'}
[0.891968] (my_robot_interfaces) StdoutLine: {'line': b'-- Up-to-date symlink: /home/fog/ros2_ws/install/my_robot_interfaces/share/my_robot_interfaces/cmake/ament_cmake_export_dependencies-extras.cmake\n'}
[0.892584] (my_robot_interfaces) StdoutLine: {'line': b'-- Up-to-date symlink: /home/fog/ros2_ws/install/my_robot_interfaces/share/my_robot_interfaces/cmake/rosidl_cmake_export_typesupport_libraries-extras.cmake\n'}
[0.893009] (my_robot_interfaces) StdoutLine: {'line': b'-- Up-to-date symlink: /home/fog/ros2_ws/install/my_robot_interfaces/share/my_robot_interfaces/cmake/my_robot_interfacesConfig.cmake\n'}
[0.893563] (my_robot_interfaces) StdoutLine: {'line': b'-- Up-to-date symlink: /home/fog/ros2_ws/install/my_robot_interfaces/share/my_robot_interfaces/cmake/my_robot_interfacesConfig-version.cmake\n'}
[0.893651] (my_robot_interfaces) StdoutLine: {'line': b'-- Up-to-date symlink: /home/fog/ros2_ws/install/my_robot_interfaces/share/my_robot_interfaces/package.xml\n'}
[0.894940] (my_robot_interfaces) StdoutLine: {'line': b'-- Up-to-date: /home/fog/ros2_ws/install/my_robot_interfaces/lib/libmy_robot_interfaces__rosidl_generator_c.so\n'}
[0.895924] (my_robot_interfaces) StdoutLine: {'line': b'-- Up-to-date: /home/fog/ros2_ws/install/my_robot_interfaces/lib/libmy_robot_interfaces__rosidl_typesupport_fastrtps_c.so\n'}
[0.897351] (my_robot_interfaces) StdoutLine: {'line': b'-- Up-to-date: /home/fog/ros2_ws/install/my_robot_interfaces/lib/libmy_robot_interfaces__rosidl_typesupport_introspection_c.so\n'}
[0.898595] (my_robot_interfaces) StdoutLine: {'line': b'-- Up-to-date: /home/fog/ros2_ws/install/my_robot_interfaces/lib/libmy_robot_interfaces__rosidl_typesupport_c.so\n'}
[0.899775] (my_robot_interfaces) StdoutLine: {'line': b'-- Up-to-date: /home/fog/ros2_ws/install/my_robot_interfaces/lib/libmy_robot_interfaces__rosidl_typesupport_fastrtps_cpp.so\n'}
[0.901090] (my_robot_interfaces) StdoutLine: {'line': b'-- Up-to-date: /home/fog/ros2_ws/install/my_robot_interfaces/lib/libmy_robot_interfaces__rosidl_typesupport_introspection_cpp.so\n'}
[0.901609] (-) TimerEvent: {}
[0.902479] (my_robot_interfaces) StdoutLine: {'line': b'-- Up-to-date: /home/fog/ros2_ws/install/my_robot_interfaces/lib/libmy_robot_interfaces__rosidl_typesupport_cpp.so\n'}
[0.943102] (my_robot_interfaces) StdoutLine: {'line': b"Listing '/home/fog/ros2_ws/install/my_robot_interfaces/local/lib/python3.10/dist-packages/my_robot_interfaces'...\n"}
[0.943273] (my_robot_interfaces) StdoutLine: {'line': b"Listing '/home/fog/ros2_ws/install/my_robot_interfaces/local/lib/python3.10/dist-packages/my_robot_interfaces/msg'...\n"}
[0.943332] (my_robot_interfaces) StdoutLine: {'line': b"Listing '/home/fog/ros2_ws/install/my_robot_interfaces/local/lib/python3.10/dist-packages/my_robot_interfaces/srv'...\n"}
[0.948616] (my_robot_interfaces) StdoutLine: {'line': b'-- Up-to-date: /home/fog/ros2_ws/install/my_robot_interfaces/lib/libmy_robot_interfaces__rosidl_generator_py.so\n'}
[0.949865] (my_robot_interfaces) StdoutLine: {'line': b'-- Up-to-date: /home/fog/ros2_ws/install/my_robot_interfaces/share/my_robot_interfaces/cmake/export_my_robot_interfaces__rosidl_generator_cExport.cmake\n'}
[0.949979] (my_robot_interfaces) StdoutLine: {'line': b'-- Up-to-date: /home/fog/ros2_ws/install/my_robot_interfaces/share/my_robot_interfaces/cmake/export_my_robot_interfaces__rosidl_generator_cExport-noconfig.cmake\n'}
[0.950977] (my_robot_interfaces) StdoutLine: {'line': b'-- Up-to-date: /home/fog/ros2_ws/install/my_robot_interfaces/share/my_robot_interfaces/cmake/export_my_robot_interfaces__rosidl_typesupport_fastrtps_cExport.cmake\n'}
[0.951082] (my_robot_interfaces) StdoutLine: {'line': b'-- Up-to-date: /home/fog/ros2_ws/install/my_robot_interfaces/share/my_robot_interfaces/cmake/export_my_robot_interfaces__rosidl_typesupport_fastrtps_cExport-noconfig.cmake\n'}
[0.951710] (my_robot_interfaces) StdoutLine: {'line': b'-- Up-to-date: /home/fog/ros2_ws/install/my_robot_interfaces/share/my_robot_interfaces/cmake/my_robot_interfaces__rosidl_typesupport_introspection_cExport.cmake\n'}
[0.951868] (my_robot_interfaces) StdoutLine: {'line': b'-- Up-to-date: /home/fog/ros2_ws/install/my_robot_interfaces/share/my_robot_interfaces/cmake/my_robot_interfaces__rosidl_typesupport_introspection_cExport-noconfig.cmake\n'}
[0.952433] (my_robot_interfaces) StdoutLine: {'line': b'-- Up-to-date: /home/fog/ros2_ws/install/my_robot_interfaces/share/my_robot_interfaces/cmake/my_robot_interfaces__rosidl_typesupport_cExport.cmake\n'}
[0.952533] (my_robot_interfaces) StdoutLine: {'line': b'-- Up-to-date: /home/fog/ros2_ws/install/my_robot_interfaces/share/my_robot_interfaces/cmake/my_robot_interfaces__rosidl_typesupport_cExport-noconfig.cmake\n'}
[0.953602] (my_robot_interfaces) StdoutLine: {'line': b'-- Up-to-date: /home/fog/ros2_ws/install/my_robot_interfaces/share/my_robot_interfaces/cmake/export_my_robot_interfaces__rosidl_generator_cppExport.cmake\n'}
[0.954366] (my_robot_interfaces) StdoutLine: {'line': b'-- Up-to-date: /home/fog/ros2_ws/install/my_robot_interfaces/share/my_robot_interfaces/cmake/export_my_robot_interfaces__rosidl_typesupport_fastrtps_cppExport.cmake\n'}
[0.954671] (my_robot_interfaces) StdoutLine: {'line': b'-- Up-to-date: /home/fog/ros2_ws/install/my_robot_interfaces/share/my_robot_interfaces/cmake/export_my_robot_interfaces__rosidl_typesupport_fastrtps_cppExport-noconfig.cmake\n'}
[0.955126] (my_robot_interfaces) StdoutLine: {'line': b'-- Up-to-date: /home/fog/ros2_ws/install/my_robot_interfaces/share/my_robot_interfaces/cmake/my_robot_interfaces__rosidl_typesupport_introspection_cppExport.cmake\n'}
[0.955241] (my_robot_interfaces) StdoutLine: {'line': b'-- Up-to-date: /home/fog/ros2_ws/install/my_robot_interfaces/share/my_robot_interfaces/cmake/my_robot_interfaces__rosidl_typesupport_introspection_cppExport-noconfig.cmake\n'}
[0.956097] (my_robot_interfaces) StdoutLine: {'line': b'-- Up-to-date: /home/fog/ros2_ws/install/my_robot_interfaces/share/my_robot_interfaces/cmake/my_robot_interfaces__rosidl_typesupport_cppExport.cmake\n'}
[0.956198] (my_robot_interfaces) StdoutLine: {'line': b'-- Up-to-date: /home/fog/ros2_ws/install/my_robot_interfaces/share/my_robot_interfaces/cmake/my_robot_interfaces__rosidl_typesupport_cppExport-noconfig.cmake\n'}
[0.956862] (my_robot_interfaces) StdoutLine: {'line': b'-- Up-to-date: /home/fog/ros2_ws/install/my_robot_interfaces/share/my_robot_interfaces/cmake/export_my_robot_interfaces__rosidl_generator_pyExport.cmake\n'}
[0.956964] (my_robot_interfaces) StdoutLine: {'line': b'-- Up-to-date: /home/fog/ros2_ws/install/my_robot_interfaces/share/my_robot_interfaces/cmake/export_my_robot_interfaces__rosidl_generator_pyExport-noconfig.cmake\n'}
[0.960625] (my_robot_interfaces) CommandEnded: {'returncode': 0}
[0.994364] (my_robot_interfaces) JobEnded: {'identifier': 'my_robot_interfaces', 'rc': 0}
[0.994925] (turtlesim_catch_sim) JobStarted: {'identifier': 'turtlesim_catch_sim'}
[1.001788] (-) TimerEvent: {}
[1.102089] (-) TimerEvent: {}
[1.111929] (my_py_pkg) StdoutLine: {'line': b'running develop\n'}
[1.203089] (-) TimerEvent: {}
[1.273810] (my_py_pkg) StdoutLine: {'line': b'Removing /home/fog/ros2_ws/install/my_py_pkg/lib/python3.10/site-packages/my-py-pkg.egg-link (link to .)\n'}
[1.293795] (my_py_pkg) CommandEnded: {'returncode': 0}
[1.295861] (my_py_pkg) Command: {'cmd': ['/usr/bin/python3', '-W', 'ignore:setup.py install is deprecated', '-W', 'ignore:easy_install command is deprecated', 'setup.py', 'egg_info', '--egg-base', '../../build/my_py_pkg', 'build', '--build-base', '/home/fog/ros2_ws/build/my_py_pkg/build', 'install', '--record', '/home/fog/ros2_ws/build/my_py_pkg/install.log', '--single-version-externally-managed', 'install_data', '--force'], 'cwd': '/home/fog/ros2_ws/src/my_py_pkg', 'env': {'GJS_DEBUG_TOPICS': 'JS ERROR;JS LOG', 'LESSOPEN': '| /usr/bin/lesspipe %s', 'LANGUAGE': 'zh_CN:en', 'USER': 'fog', 'LC_TIME': 'zh_CN.UTF-8', 'XDG_SESSION_TYPE': 'x11', 'SHLVL': '1', 'LD_LIBRARY_PATH': '/usr/lib/x86_64-linux-gnu/gazebo-11/plugins:/opt/ros/humble/opt/rviz_ogre_vendor/lib:/opt/ros/humble/lib/x86_64-linux-gnu:/opt/ros/humble/lib:/usr/share/gazebo/../../lib/x86_64-linux-gnu/gazebo-11/plugins:', 'HOME': '/home/fog', 'OLDPWD': '/home/fog', 'DESKTOP_SESSION': 'ubuntu', 'GIO_LAUNCHED_DESKTOP_FILE': '/usr/share/applications/terminator.desktop', 'GAZEBO_MASTER_URI': 'http://localhost:11345', 'ROS_PYTHON_VERSION': '3', 'GNOME_SHELL_SESSION_MODE': 'ubuntu', 'GTK_MODULES': 'gail:atk-bridge', 'LC_MONETARY': 'zh_CN.UTF-8', 'MANAGERPID': '1258', 'SYSTEMD_EXEC_PID': '1404', 'DBUS_SESSION_BUS_ADDRESS': 'unix:path=/run/user/1000/bus', 'COLORTERM': 'truecolor', 'TERMINATOR_DBUS_NAME': 'net.tenshu.Terminator25ef4b219e3b005583550f2b0f9f990c3', 'GIO_LAUNCHED_DESKTOP_FILE_PID': '50755', 'IM_CONFIG_PHASE': '1', 'WAYLAND_DISPLAY': 'wayland-0', 'ROS_DISTRO': 'humble', 'LOGNAME': 'fog', 'JOURNAL_STREAM': '8:23341', '_': '/usr/bin/colcon', 'ROS_VERSION': '2', 'XDG_SESSION_CLASS': 'user', 'USERNAME': 'fog', 'TERM': 'xterm-256color', 'GAZEBO_MODEL_PATH': '/usr/share/gazebo/../../share/gazebo-11/models::/opt/ros/humble/share/turtlebot3_gazebo/models', 'GNOME_DESKTOP_SESSION_ID': 'this-is-deprecated', 'ROS_LOCALHOST_ONLY': '0', 'OGRE_RESOURCE_PATH': '/usr/lib/x86_64-linux-gnu/OGRE-1.9.0', 'PATH': '/opt/ros/humble/bin:/usr/local/sbin:/usr/local/bin:/usr/sbin:/usr/bin:/sbin:/bin:/usr/games:/usr/local/games:/snap/bin:/snap/bin', 'SESSION_MANAGER': 'local/fog:@/tmp/.ICE-unix/1371,unix/fog:/tmp/.ICE-unix/1371', 'INVOCATION_ID': '304372798fba4ccabd80b8e4596a5595', 'PAPERSIZE': 'a4', 'XDG_MENU_PREFIX': 'gnome-', 'LC_ADDRESS': 'zh_CN.UTF-8', 'GNOME_SETUP_DISPLAY': ':1', 'XDG_RUNTIME_DIR': '/run/user/1000', 'DISPLAY': ':0', 'TERMINATOR_DBUS_PATH': '/net/tenshu/Terminator2', 'LANG': 'zh_CN.UTF-8', 'XDG_CURRENT_DESKTOP': 'ubuntu:GNOME', 'IBUS_DISABLE_SNOOPER': '1', 'LC_TELEPHONE': 'zh_CN.UTF-8', 'XMODIFIERS': '@im=ibus', 'XDG_SESSION_DESKTOP': 'ubuntu', 'XAUTHORITY': '/run/user/1000/.mutter-Xwaylandauth.A0F5N3', 'LS_COLORS': 'rs=0:di=01;34:ln=01;36:mh=00:pi=40;33:so=01;35:do=01;35:bd=40;33;01:cd=40;33;01:or=40;31;01:mi=00:su=37;41:sg=30;43:ca=30;41:tw=30;42:ow=34;42:st=37;44:ex=01;32:*.tar=01;31:*.tgz=01;31:*.arc=01;31:*.arj=01;31:*.taz=01;31:*.lha=01;31:*.lz4=01;31:*.lzh=01;31:*.lzma=01;31:*.tlz=01;31:*.txz=01;31:*.tzo=01;31:*.t7z=01;31:*.zip=01;31:*.z=01;31:*.dz=01;31:*.gz=01;31:*.lrz=01;31:*.lz=01;31:*.lzo=01;31:*.xz=01;31:*.zst=01;31:*.tzst=01;31:*.bz2=01;31:*.bz=01;31:*.tbz=01;31:*.tbz2=01;31:*.tz=01;31:*.deb=01;31:*.rpm=01;31:*.jar=01;31:*.war=01;31:*.ear=01;31:*.sar=01;31:*.rar=01;31:*.alz=01;31:*.ace=01;31:*.zoo=01;31:*.cpio=01;31:*.7z=01;31:*.rz=01;31:*.cab=01;31:*.wim=01;31:*.swm=01;31:*.dwm=01;31:*.esd=01;31:*.jpg=01;35:*.jpeg=01;35:*.mjpg=01;35:*.mjpeg=01;35:*.gif=01;35:*.bmp=01;35:*.pbm=01;35:*.pgm=01;35:*.ppm=01;35:*.tga=01;35:*.xbm=01;35:*.xpm=01;35:*.tif=01;35:*.tiff=01;35:*.png=01;35:*.svg=01;35:*.svgz=01;35:*.mng=01;35:*.pcx=01;35:*.mov=01;35:*.mpg=01;35:*.mpeg=01;35:*.m2v=01;35:*.mkv=01;35:*.webm=01;35:*.webp=01;35:*.ogm=01;35:*.mp4=01;35:*.m4v=01;35:*.mp4v=01;35:*.vob=01;35:*.qt=01;35:*.nuv=01;35:*.wmv=01;35:*.asf=01;35:*.rm=01;35:*.rmvb=01;35:*.flc=01;35:*.avi=01;35:*.fli=01;35:*.flv=01;35:*.gl=01;35:*.dl=01;35:*.xcf=01;35:*.xwd=01;35:*.yuv=01;35:*.cgm=01;35:*.emf=01;35:*.ogv=01;35:*.ogx=01;35:*.aac=00;36:*.au=00;36:*.flac=00;36:*.m4a=00;36:*.mid=00;36:*.midi=00;36:*.mka=00;36:*.mp3=00;36:*.mpc=00;36:*.ogg=00;36:*.ra=00;36:*.wav=00;36:*.oga=00;36:*.opus=00;36:*.spx=00;36:*.xspf=00;36:', 'SSH_AGENT_LAUNCHER': 'gnome-keyring', 'SSH_AUTH_SOCK': '/run/user/1000/keyring/ssh', 'AMENT_PREFIX_PATH': '/opt/ros/humble', 'SHELL': '/bin/bash', 'LC_NAME': 'zh_CN.UTF-8', 'TERMINATOR_UUID': 'urn:uuid:b1e59339-5e4a-4026-ac48-db5733326a56', 'QT_ACCESSIBILITY': '1', 'GDMSESSION': 'ubuntu', 'LESSCLOSE': '/usr/bin/lesspipe %s %s', 'LC_MEASUREMENT': 'zh_CN.UTF-8', 'GAZEBO_RESOURCE_PATH': '/usr/share/gazebo/../../share/gazebo-11:', 'GJS_DEBUG_OUTPUT': 'stderr', 'LC_IDENTIFICATION': 'zh_CN.UTF-8', 'GAZEBO_MODEL_DATABASE_URI': 'http://models.gazebosim.org', 'QT_IM_MODULE': 'ibus', 'PWD': '/home/fog/ros2_ws/build/my_py_pkg', 'QT_QPA_PLATFORM': 'xcb', 'TURTLEBOT3_MODEL': 'burger', 'XDG_CONFIG_DIRS': '/etc/xdg/xdg-ubuntu:/etc/xdg', 'GAZEBO_PLUGIN_PATH': '/usr/share/gazebo/../../lib/x86_64-linux-gnu/gazebo-11/plugins:', 'XDG_DATA_DIRS': '/usr/share/ubuntu:/usr/local/share/:/usr/share/:/var/lib/snapd/desktop', 'PYTHONPATH': '/home/fog/ros2_ws/build/my_py_pkg/prefix_override:/usr/lib/python3/dist-packages/colcon_core/task/python/colcon_distutils_commands:/home/fog/ros2_ws/install/my_py_pkg/lib/python3.10/site-packages:/opt/ros/humble/lib/python3.10/site-packages:/opt/ros/humble/local/lib/python3.10/dist-packages', 'LC_NUMERIC': 'zh_CN.UTF-8', 'LC_PAPER': 'zh_CN.UTF-8', 'COLCON': '1', 'VTE_VERSION': '6800'}, 'shell': False}
[1.303594] (-) TimerEvent: {}
[1.403990] (-) TimerEvent: {}
[1.504366] (-) TimerEvent: {}
[1.525325] (my_py_pkg) StdoutLine: {'line': b'running egg_info\n'}
[1.526305] (my_py_pkg) StdoutLine: {'line': b'writing ../../build/my_py_pkg/my_py_pkg.egg-info/PKG-INFO\n'}
[1.526392] (my_py_pkg) StdoutLine: {'line': b'writing dependency_links to ../../build/my_py_pkg/my_py_pkg.egg-info/dependency_links.txt\n'}
[1.526580] (my_py_pkg) StdoutLine: {'line': b'writing entry points to ../../build/my_py_pkg/my_py_pkg.egg-info/entry_points.txt\n'}
[1.526794] (my_py_pkg) StdoutLine: {'line': b'writing requirements to ../../build/my_py_pkg/my_py_pkg.egg-info/requires.txt\n'}
[1.527156] (my_py_pkg) StdoutLine: {'line': b'writing top-level names to ../../build/my_py_pkg/my_py_pkg.egg-info/top_level.txt\n'}
[1.529004] (my_py_pkg) StdoutLine: {'line': b"reading manifest file '../../build/my_py_pkg/my_py_pkg.egg-info/SOURCES.txt'\n"}
[1.530213] (my_py_pkg) StdoutLine: {'line': b"writing manifest file '../../build/my_py_pkg/my_py_pkg.egg-info/SOURCES.txt'\n"}
[1.530423] (my_py_pkg) StdoutLine: {'line': b'running build\n'}
[1.530504] (my_py_pkg) StdoutLine: {'line': b'running build_py\n'}
[1.530751] (my_py_pkg) StdoutLine: {'line': b'creating /home/fog/ros2_ws/build/my_py_pkg/build\n'}
[1.530827] (my_py_pkg) StdoutLine: {'line': b'creating /home/fog/ros2_ws/build/my_py_pkg/build/lib\n'}
[1.530882] (my_py_pkg) StdoutLine: {'line': b'creating /home/fog/ros2_ws/build/my_py_pkg/build/lib/my_py_pkg\n'}
[1.530934] (my_py_pkg) StdoutLine: {'line': b'copying my_py_pkg/number_count.py -> /home/fog/ros2_ws/build/my_py_pkg/build/lib/my_py_pkg\n'}
[1.531499] (my_py_pkg) StdoutLine: {'line': b'copying my_py_pkg/__init__.py -> /home/fog/ros2_ws/build/my_py_pkg/build/lib/my_py_pkg\n'}
[1.531594] (my_py_pkg) StdoutLine: {'line': b'copying my_py_pkg/model_node.py -> /home/fog/ros2_ws/build/my_py_pkg/build/lib/my_py_pkg\n'}
[1.532708] (my_py_pkg) StdoutLine: {'line': b'copying my_py_pkg/add_two_ints_client.py -> /home/fog/ros2_ws/build/my_py_pkg/build/lib/my_py_pkg\n'}
[1.532978] (my_py_pkg) StdoutLine: {'line': b'copying my_py_pkg/add_two_ints_server.py -> /home/fog/ros2_ws/build/my_py_pkg/build/lib/my_py_pkg\n'}
[1.533597] (my_py_pkg) StdoutLine: {'line': b'copying my_py_pkg/robot_sub.py -> /home/fog/ros2_ws/build/my_py_pkg/build/lib/my_py_pkg\n'}
[1.534054] (my_py_pkg) StdoutLine: {'line': b'copying my_py_pkg/weather_show.py -> /home/fog/ros2_ws/build/my_py_pkg/build/lib/my_py_pkg\n'}
[1.534496] (my_py_pkg) StdoutLine: {'line': b'copying my_py_pkg/number_pub.py -> /home/fog/ros2_ws/build/my_py_pkg/build/lib/my_py_pkg\n'}
[1.534855] (my_py_pkg) StdoutLine: {'line': b'copying my_py_pkg/add_three_ints_server.py -> /home/fog/ros2_ws/build/my_py_pkg/build/lib/my_py_pkg\n'}
[1.535488] (my_py_pkg) StdoutLine: {'line': b'copying my_py_pkg/robot_pub.py -> /home/fog/ros2_ws/build/my_py_pkg/build/lib/my_py_pkg\n'}
[1.536357] (my_py_pkg) StdoutLine: {'line': b'running install\n'}
[1.536531] (my_py_pkg) StdoutLine: {'line': b'running install_lib\n'}
[1.538637] (my_py_pkg) StdoutLine: {'line': b'creating /home/fog/ros2_ws/install/my_py_pkg/lib/python3.10/site-packages/my_py_pkg\n'}
[1.538771] (my_py_pkg) StdoutLine: {'line': b'copying /home/fog/ros2_ws/build/my_py_pkg/build/lib/my_py_pkg/number_count.py -> /home/fog/ros2_ws/install/my_py_pkg/lib/python3.10/site-packages/my_py_pkg\n'}
[1.538895] (my_py_pkg) StdoutLine: {'line': b'copying /home/fog/ros2_ws/build/my_py_pkg/build/lib/my_py_pkg/__init__.py -> /home/fog/ros2_ws/install/my_py_pkg/lib/python3.10/site-packages/my_py_pkg\n'}
[1.538967] (my_py_pkg) StdoutLine: {'line': b'copying /home/fog/ros2_ws/build/my_py_pkg/build/lib/my_py_pkg/model_node.py -> /home/fog/ros2_ws/install/my_py_pkg/lib/python3.10/site-packages/my_py_pkg\n'}
[1.539184] (my_py_pkg) StdoutLine: {'line': b'copying /home/fog/ros2_ws/build/my_py_pkg/build/lib/my_py_pkg/add_two_ints_client.py -> /home/fog/ros2_ws/install/my_py_pkg/lib/python3.10/site-packages/my_py_pkg\n'}
[1.539330] (my_py_pkg) StdoutLine: {'line': b'copying /home/fog/ros2_ws/build/my_py_pkg/build/lib/my_py_pkg/add_two_ints_server.py -> /home/fog/ros2_ws/install/my_py_pkg/lib/python3.10/site-packages/my_py_pkg\n'}
[1.539394] (my_py_pkg) StdoutLine: {'line': b'copying /home/fog/ros2_ws/build/my_py_pkg/build/lib/my_py_pkg/robot_sub.py -> /home/fog/ros2_ws/install/my_py_pkg/lib/python3.10/site-packages/my_py_pkg\n'}
[1.539483] (my_py_pkg) StdoutLine: {'line': b'copying /home/fog/ros2_ws/build/my_py_pkg/build/lib/my_py_pkg/weather_show.py -> /home/fog/ros2_ws/install/my_py_pkg/lib/python3.10/site-packages/my_py_pkg\n'}
[1.539541] (my_py_pkg) StdoutLine: {'line': b'copying /home/fog/ros2_ws/build/my_py_pkg/build/lib/my_py_pkg/number_pub.py -> /home/fog/ros2_ws/install/my_py_pkg/lib/python3.10/site-packages/my_py_pkg\n'}
[1.539647] (my_py_pkg) StdoutLine: {'line': b'copying /home/fog/ros2_ws/build/my_py_pkg/build/lib/my_py_pkg/add_three_ints_server.py -> /home/fog/ros2_ws/install/my_py_pkg/lib/python3.10/site-packages/my_py_pkg\n'}
[1.539879] (my_py_pkg) StdoutLine: {'line': b'copying /home/fog/ros2_ws/build/my_py_pkg/build/lib/my_py_pkg/robot_pub.py -> /home/fog/ros2_ws/install/my_py_pkg/lib/python3.10/site-packages/my_py_pkg\n'}
[1.539940] (my_py_pkg) StdoutLine: {'line': b'byte-compiling /home/fog/ros2_ws/install/my_py_pkg/lib/python3.10/site-packages/my_py_pkg/number_count.py to number_count.cpython-310.pyc\n'}
[1.540222] (my_py_pkg) StdoutLine: {'line': b'byte-compiling /home/fog/ros2_ws/install/my_py_pkg/lib/python3.10/site-packages/my_py_pkg/__init__.py to __init__.cpython-310.pyc\n'}
[1.540516] (my_py_pkg) StdoutLine: {'line': b'byte-compiling /home/fog/ros2_ws/install/my_py_pkg/lib/python3.10/site-packages/my_py_pkg/model_node.py to model_node.cpython-310.pyc\n'}
[1.540591] (my_py_pkg) StdoutLine: {'line': b'byte-compiling /home/fog/ros2_ws/install/my_py_pkg/lib/python3.10/site-packages/my_py_pkg/add_two_ints_client.py to add_two_ints_client.cpython-310.pyc\n'}
[1.540994] (my_py_pkg) StdoutLine: {'line': b'byte-compiling /home/fog/ros2_ws/install/my_py_pkg/lib/python3.10/site-packages/my_py_pkg/add_two_ints_server.py to add_two_ints_server.cpython-310.pyc\n'}
[1.541403] (my_py_pkg) StdoutLine: {'line': b'byte-compiling /home/fog/ros2_ws/install/my_py_pkg/lib/python3.10/site-packages/my_py_pkg/robot_sub.py to robot_sub.cpython-310.pyc\n'}
[1.541646] (my_py_pkg) StdoutLine: {'line': b'byte-compiling /home/fog/ros2_ws/install/my_py_pkg/lib/python3.10/site-packages/my_py_pkg/weather_show.py to weather_show.cpython-310.pyc\n'}
[1.541992] (my_py_pkg) StdoutLine: {'line': b'byte-compiling /home/fog/ros2_ws/install/my_py_pkg/lib/python3.10/site-packages/my_py_pkg/number_pub.py to number_pub.cpython-310.pyc\n'}
[1.542466] (my_py_pkg) StdoutLine: {'line': b'byte-compiling /home/fog/ros2_ws/install/my_py_pkg/lib/python3.10/site-packages/my_py_pkg/add_three_ints_server.py to add_three_ints_server.cpython-310.pyc\n'}
[1.542880] (my_py_pkg) StdoutLine: {'line': b'byte-compiling /home/fog/ros2_ws/install/my_py_pkg/lib/python3.10/site-packages/my_py_pkg/robot_pub.py to robot_pub.cpython-310.pyc\n'}
[1.543214] (my_py_pkg) StdoutLine: {'line': b'running install_data\n'}
[1.543311] (my_py_pkg) StdoutLine: {'line': b'copying resource/my_py_pkg -> /home/fog/ros2_ws/install/my_py_pkg/share/ament_index/resource_index/packages\n'}
[1.544639] (my_py_pkg) StdoutLine: {'line': b'copying package.xml -> /home/fog/ros2_ws/install/my_py_pkg/share/my_py_pkg\n'}
[1.544911] (my_py_pkg) StdoutLine: {'line': b'running install_egg_info\n'}
[1.547005] (my_py_pkg) StdoutLine: {'line': b'Copying ../../build/my_py_pkg/my_py_pkg.egg-info to /home/fog/ros2_ws/install/my_py_pkg/lib/python3.10/site-packages/my_py_pkg-0.0.0-py3.10.egg-info\n'}
[1.548231] (my_py_pkg) StdoutLine: {'line': b'running install_scripts\n'}
[1.568127] (my_py_pkg) StdoutLine: {'line': b'Installing add_three_ints_server script to /home/fog/ros2_ws/install/my_py_pkg/lib/my_py_pkg\n'}
[1.568616] (my_py_pkg) StdoutLine: {'line': b'Installing add_two_ints_client script to /home/fog/ros2_ws/install/my_py_pkg/lib/my_py_pkg\n'}
[1.569123] (my_py_pkg) StdoutLine: {'line': b'Installing add_two_ints_server script to /home/fog/ros2_ws/install/my_py_pkg/lib/my_py_pkg\n'}
[1.569220] (my_py_pkg) StdoutLine: {'line': b'Installing number_count script to /home/fog/ros2_ws/install/my_py_pkg/lib/my_py_pkg\n'}
[1.569517] (my_py_pkg) StdoutLine: {'line': b'Installing number_pub script to /home/fog/ros2_ws/install/my_py_pkg/lib/my_py_pkg\n'}
[1.569623] (my_py_pkg) StdoutLine: {'line': b'Installing robot_pub script to /home/fog/ros2_ws/install/my_py_pkg/lib/my_py_pkg\n'}
[1.569696] (my_py_pkg) StdoutLine: {'line': b'Installing robot_sub script to /home/fog/ros2_ws/install/my_py_pkg/lib/my_py_pkg\n'}
[1.569850] (my_py_pkg) StdoutLine: {'line': b'Installing weather_show_pub script to /home/fog/ros2_ws/install/my_py_pkg/lib/my_py_pkg\n'}
[1.569905] (my_py_pkg) StdoutLine: {'line': b"writing list of installed files to '/home/fog/ros2_ws/build/my_py_pkg/install.log'\n"}
[1.587705] (my_py_pkg) CommandEnded: {'returncode': 0}
[1.598894] (my_py_pkg) JobEnded: {'identifier': 'my_py_pkg', 'rc': 0}
[1.600425] (my_robot_bringup) JobStarted: {'identifier': 'my_robot_bringup'}
[1.604682] (-) TimerEvent: {}
[1.609407] (turtlesim_catch_sim) Command: {'cmd': ['/usr/bin/python3', '-W', 'ignore:setup.py install is deprecated', '-W', 'ignore:easy_install command is deprecated', 'setup.py', 'develop', '--uninstall', '--editable', '--build-directory', '/home/fog/ros2_ws/build/turtlesim_catch_sim/build'], 'cwd': '/home/fog/ros2_ws/build/turtlesim_catch_sim', 'env': {'GJS_DEBUG_TOPICS': 'JS ERROR;JS LOG', 'LESSOPEN': '| /usr/bin/lesspipe %s', 'LANGUAGE': 'zh_CN:en', 'USER': 'fog', 'LC_TIME': 'zh_CN.UTF-8', 'XDG_SESSION_TYPE': 'x11', 'SHLVL': '1', 'LD_LIBRARY_PATH': '/home/fog/ros2_ws/install/my_robot_interfaces/lib:/usr/lib/x86_64-linux-gnu/gazebo-11/plugins:/opt/ros/humble/opt/rviz_ogre_vendor/lib:/opt/ros/humble/lib/x86_64-linux-gnu:/opt/ros/humble/lib:/usr/share/gazebo/../../lib/x86_64-linux-gnu/gazebo-11/plugins', 'HOME': '/home/fog', 'OLDPWD': '/home/fog', 'DESKTOP_SESSION': 'ubuntu', 'GIO_LAUNCHED_DESKTOP_FILE': '/usr/share/applications/terminator.desktop', 'GAZEBO_MASTER_URI': 'http://localhost:11345', 'ROS_PYTHON_VERSION': '3', 'GNOME_SHELL_SESSION_MODE': 'ubuntu', 'GTK_MODULES': 'gail:atk-bridge', 'LC_MONETARY': 'zh_CN.UTF-8', 'MANAGERPID': '1258', 'SYSTEMD_EXEC_PID': '1404', 'DBUS_SESSION_BUS_ADDRESS': 'unix:path=/run/user/1000/bus', 'COLORTERM': 'truecolor', 'TERMINATOR_DBUS_NAME': 'net.tenshu.Terminator25ef4b219e3b005583550f2b0f9f990c3', 'GIO_LAUNCHED_DESKTOP_FILE_PID': '50755', 'IM_CONFIG_PHASE': '1', 'WAYLAND_DISPLAY': 'wayland-0', 'ROS_DISTRO': 'humble', 'LOGNAME': 'fog', 'JOURNAL_STREAM': '8:23341', '_': '/usr/bin/colcon', 'ROS_VERSION': '2', 'XDG_SESSION_CLASS': 'user', 'USERNAME': 'fog', 'TERM': 'xterm-256color', 'GAZEBO_MODEL_PATH': '/usr/share/gazebo/../../share/gazebo-11/models::/opt/ros/humble/share/turtlebot3_gazebo/models', 'GNOME_DESKTOP_SESSION_ID': 'this-is-deprecated', 'ROS_LOCALHOST_ONLY': '0', 'OGRE_RESOURCE_PATH': '/usr/lib/x86_64-linux-gnu/OGRE-1.9.0', 'PATH': '/opt/ros/humble/bin:/usr/local/sbin:/usr/local/bin:/usr/sbin:/usr/bin:/sbin:/bin:/usr/games:/usr/local/games:/snap/bin:/snap/bin', 'SESSION_MANAGER': 'local/fog:@/tmp/.ICE-unix/1371,unix/fog:/tmp/.ICE-unix/1371', 'INVOCATION_ID': '304372798fba4ccabd80b8e4596a5595', 'PAPERSIZE': 'a4', 'XDG_MENU_PREFIX': 'gnome-', 'LC_ADDRESS': 'zh_CN.UTF-8', 'GNOME_SETUP_DISPLAY': ':1', 'XDG_RUNTIME_DIR': '/run/user/1000', 'DISPLAY': ':0', 'TERMINATOR_DBUS_PATH': '/net/tenshu/Terminator2', 'LANG': 'zh_CN.UTF-8', 'XDG_CURRENT_DESKTOP': 'ubuntu:GNOME', 'IBUS_DISABLE_SNOOPER': '1', 'LC_TELEPHONE': 'zh_CN.UTF-8', 'XMODIFIERS': '@im=ibus', 'XDG_SESSION_DESKTOP': 'ubuntu', 'XAUTHORITY': '/run/user/1000/.mutter-Xwaylandauth.A0F5N3', 'LS_COLORS': 'rs=0:di=01;34:ln=01;36:mh=00:pi=40;33:so=01;35:do=01;35:bd=40;33;01:cd=40;33;01:or=40;31;01:mi=00:su=37;41:sg=30;43:ca=30;41:tw=30;42:ow=34;42:st=37;44:ex=01;32:*.tar=01;31:*.tgz=01;31:*.arc=01;31:*.arj=01;31:*.taz=01;31:*.lha=01;31:*.lz4=01;31:*.lzh=01;31:*.lzma=01;31:*.tlz=01;31:*.txz=01;31:*.tzo=01;31:*.t7z=01;31:*.zip=01;31:*.z=01;31:*.dz=01;31:*.gz=01;31:*.lrz=01;31:*.lz=01;31:*.lzo=01;31:*.xz=01;31:*.zst=01;31:*.tzst=01;31:*.bz2=01;31:*.bz=01;31:*.tbz=01;31:*.tbz2=01;31:*.tz=01;31:*.deb=01;31:*.rpm=01;31:*.jar=01;31:*.war=01;31:*.ear=01;31:*.sar=01;31:*.rar=01;31:*.alz=01;31:*.ace=01;31:*.zoo=01;31:*.cpio=01;31:*.7z=01;31:*.rz=01;31:*.cab=01;31:*.wim=01;31:*.swm=01;31:*.dwm=01;31:*.esd=01;31:*.jpg=01;35:*.jpeg=01;35:*.mjpg=01;35:*.mjpeg=01;35:*.gif=01;35:*.bmp=01;35:*.pbm=01;35:*.pgm=01;35:*.ppm=01;35:*.tga=01;35:*.xbm=01;35:*.xpm=01;35:*.tif=01;35:*.tiff=01;35:*.png=01;35:*.svg=01;35:*.svgz=01;35:*.mng=01;35:*.pcx=01;35:*.mov=01;35:*.mpg=01;35:*.mpeg=01;35:*.m2v=01;35:*.mkv=01;35:*.webm=01;35:*.webp=01;35:*.ogm=01;35:*.mp4=01;35:*.m4v=01;35:*.mp4v=01;35:*.vob=01;35:*.qt=01;35:*.nuv=01;35:*.wmv=01;35:*.asf=01;35:*.rm=01;35:*.rmvb=01;35:*.flc=01;35:*.avi=01;35:*.fli=01;35:*.flv=01;35:*.gl=01;35:*.dl=01;35:*.xcf=01;35:*.xwd=01;35:*.yuv=01;35:*.cgm=01;35:*.emf=01;35:*.ogv=01;35:*.ogx=01;35:*.aac=00;36:*.au=00;36:*.flac=00;36:*.m4a=00;36:*.mid=00;36:*.midi=00;36:*.mka=00;36:*.mp3=00;36:*.mpc=00;36:*.ogg=00;36:*.ra=00;36:*.wav=00;36:*.oga=00;36:*.opus=00;36:*.spx=00;36:*.xspf=00;36:', 'SSH_AGENT_LAUNCHER': 'gnome-keyring', 'SSH_AUTH_SOCK': '/run/user/1000/keyring/ssh', 'AMENT_PREFIX_PATH': '/home/fog/ros2_ws/install/my_robot_interfaces:/opt/ros/humble', 'SHELL': '/bin/bash', 'LC_NAME': 'zh_CN.UTF-8', 'TERMINATOR_UUID': 'urn:uuid:b1e59339-5e4a-4026-ac48-db5733326a56', 'QT_ACCESSIBILITY': '1', 'GDMSESSION': 'ubuntu', 'LESSCLOSE': '/usr/bin/lesspipe %s %s', 'LC_MEASUREMENT': 'zh_CN.UTF-8', 'GAZEBO_RESOURCE_PATH': '/usr/share/gazebo/../../share/gazebo-11:', 'GJS_DEBUG_OUTPUT': 'stderr', 'LC_IDENTIFICATION': 'zh_CN.UTF-8', 'GAZEBO_MODEL_DATABASE_URI': 'http://models.gazebosim.org', 'QT_IM_MODULE': 'ibus', 'PWD': '/home/fog/ros2_ws/build/turtlesim_catch_sim', 'QT_QPA_PLATFORM': 'xcb', 'TURTLEBOT3_MODEL': 'burger', 'XDG_CONFIG_DIRS': '/etc/xdg/xdg-ubuntu:/etc/xdg', 'GAZEBO_PLUGIN_PATH': '/usr/share/gazebo/../../lib/x86_64-linux-gnu/gazebo-11/plugins:', 'XDG_DATA_DIRS': '/usr/share/ubuntu:/usr/local/share/:/usr/share/:/var/lib/snapd/desktop', 'PYTHONPATH': '/home/fog/ros2_ws/build/turtlesim_catch_sim/prefix_override:/usr/lib/python3/dist-packages/colcon_core/task/python/colcon_distutils_commands:/home/fog/ros2_ws/install/turtlesim_catch_sim/lib/python3.10/site-packages:/home/fog/ros2_ws/install/my_robot_interfaces/local/lib/python3.10/dist-packages:/opt/ros/humble/lib/python3.10/site-packages:/opt/ros/humble/local/lib/python3.10/dist-packages', 'LC_NUMERIC': 'zh_CN.UTF-8', 'LC_PAPER': 'zh_CN.UTF-8', 'COLCON': '1', 'VTE_VERSION': '6800', 'CMAKE_PREFIX_PATH': '/home/fog/ros2_ws/install/my_robot_interfaces'}, 'shell': False}
[1.611816] (my_robot_bringup) JobProgress: {'identifier': 'my_robot_bringup', 'progress': 'cmake'}
[1.614101] (my_robot_bringup) Command: {'cmd': ['/usr/bin/cmake', '/home/fog/ros2_ws/src/my_robot_bringup', '-DCMAKE_INSTALL_PREFIX=/home/fog/ros2_ws/install/my_robot_bringup'], 'cwd': '/home/fog/ros2_ws/build/my_robot_bringup', 'env': OrderedDict([('GJS_DEBUG_TOPICS', 'JS ERROR;JS LOG'), ('LESSOPEN', '| /usr/bin/lesspipe %s'), ('LANGUAGE', 'zh_CN:en'), ('USER', 'fog'), ('LC_TIME', 'zh_CN.UTF-8'), ('XDG_SESSION_TYPE', 'x11'), ('SHLVL', '1'), ('LD_LIBRARY_PATH', '/usr/lib/x86_64-linux-gnu/gazebo-11/plugins:/opt/ros/humble/opt/rviz_ogre_vendor/lib:/opt/ros/humble/lib/x86_64-linux-gnu:/opt/ros/humble/lib:/usr/share/gazebo/../../lib/x86_64-linux-gnu/gazebo-11/plugins:'), ('HOME', '/home/fog'), ('OLDPWD', '/home/fog'), ('DESKTOP_SESSION', 'ubuntu'), ('GIO_LAUNCHED_DESKTOP_FILE', '/usr/share/applications/terminator.desktop'), ('GAZEBO_MASTER_URI', 'http://localhost:11345'), ('ROS_PYTHON_VERSION', '3'), ('GNOME_SHELL_SESSION_MODE', 'ubuntu'), ('GTK_MODULES', 'gail:atk-bridge'), ('LC_MONETARY', 'zh_CN.UTF-8'), ('MANAGERPID', '1258'), ('SYSTEMD_EXEC_PID', '1404'), ('DBUS_SESSION_BUS_ADDRESS', 'unix:path=/run/user/1000/bus'), ('COLORTERM', 'truecolor'), ('TERMINATOR_DBUS_NAME', 'net.tenshu.Terminator25ef4b219e3b005583550f2b0f9f990c3'), ('GIO_LAUNCHED_DESKTOP_FILE_PID', '50755'), ('IM_CONFIG_PHASE', '1'), ('WAYLAND_DISPLAY', 'wayland-0'), ('ROS_DISTRO', 'humble'), ('LOGNAME', 'fog'), ('JOURNAL_STREAM', '8:23341'), ('_', '/usr/bin/colcon'), ('ROS_VERSION', '2'), ('XDG_SESSION_CLASS', 'user'), ('USERNAME', 'fog'), ('TERM', 'xterm-256color'), ('GAZEBO_MODEL_PATH', '/usr/share/gazebo/../../share/gazebo-11/models::/opt/ros/humble/share/turtlebot3_gazebo/models'), ('GNOME_DESKTOP_SESSION_ID', 'this-is-deprecated'), ('ROS_LOCALHOST_ONLY', '0'), ('OGRE_RESOURCE_PATH', '/usr/lib/x86_64-linux-gnu/OGRE-1.9.0'), ('PATH', '/opt/ros/humble/bin:/usr/local/sbin:/usr/local/bin:/usr/sbin:/usr/bin:/sbin:/bin:/usr/games:/usr/local/games:/snap/bin:/snap/bin'), ('SESSION_MANAGER', 'local/fog:@/tmp/.ICE-unix/1371,unix/fog:/tmp/.ICE-unix/1371'), ('INVOCATION_ID', '304372798fba4ccabd80b8e4596a5595'), ('PAPERSIZE', 'a4'), ('XDG_MENU_PREFIX', 'gnome-'), ('LC_ADDRESS', 'zh_CN.UTF-8'), ('GNOME_SETUP_DISPLAY', ':1'), ('XDG_RUNTIME_DIR', '/run/user/1000'), ('DISPLAY', ':0'), ('TERMINATOR_DBUS_PATH', '/net/tenshu/Terminator2'), ('LANG', 'zh_CN.UTF-8'), ('XDG_CURRENT_DESKTOP', 'ubuntu:GNOME'), ('IBUS_DISABLE_SNOOPER', '1'), ('LC_TELEPHONE', 'zh_CN.UTF-8'), ('XMODIFIERS', '@im=ibus'), ('XDG_SESSION_DESKTOP', 'ubuntu'), ('XAUTHORITY', '/run/user/1000/.mutter-Xwaylandauth.A0F5N3'), ('LS_COLORS', 'rs=0:di=01;34:ln=01;36:mh=00:pi=40;33:so=01;35:do=01;35:bd=40;33;01:cd=40;33;01:or=40;31;01:mi=00:su=37;41:sg=30;43:ca=30;41:tw=30;42:ow=34;42:st=37;44:ex=01;32:*.tar=01;31:*.tgz=01;31:*.arc=01;31:*.arj=01;31:*.taz=01;31:*.lha=01;31:*.lz4=01;31:*.lzh=01;31:*.lzma=01;31:*.tlz=01;31:*.txz=01;31:*.tzo=01;31:*.t7z=01;31:*.zip=01;31:*.z=01;31:*.dz=01;31:*.gz=01;31:*.lrz=01;31:*.lz=01;31:*.lzo=01;31:*.xz=01;31:*.zst=01;31:*.tzst=01;31:*.bz2=01;31:*.bz=01;31:*.tbz=01;31:*.tbz2=01;31:*.tz=01;31:*.deb=01;31:*.rpm=01;31:*.jar=01;31:*.war=01;31:*.ear=01;31:*.sar=01;31:*.rar=01;31:*.alz=01;31:*.ace=01;31:*.zoo=01;31:*.cpio=01;31:*.7z=01;31:*.rz=01;31:*.cab=01;31:*.wim=01;31:*.swm=01;31:*.dwm=01;31:*.esd=01;31:*.jpg=01;35:*.jpeg=01;35:*.mjpg=01;35:*.mjpeg=01;35:*.gif=01;35:*.bmp=01;35:*.pbm=01;35:*.pgm=01;35:*.ppm=01;35:*.tga=01;35:*.xbm=01;35:*.xpm=01;35:*.tif=01;35:*.tiff=01;35:*.png=01;35:*.svg=01;35:*.svgz=01;35:*.mng=01;35:*.pcx=01;35:*.mov=01;35:*.mpg=01;35:*.mpeg=01;35:*.m2v=01;35:*.mkv=01;35:*.webm=01;35:*.webp=01;35:*.ogm=01;35:*.mp4=01;35:*.m4v=01;35:*.mp4v=01;35:*.vob=01;35:*.qt=01;35:*.nuv=01;35:*.wmv=01;35:*.asf=01;35:*.rm=01;35:*.rmvb=01;35:*.flc=01;35:*.avi=01;35:*.fli=01;35:*.flv=01;35:*.gl=01;35:*.dl=01;35:*.xcf=01;35:*.xwd=01;35:*.yuv=01;35:*.cgm=01;35:*.emf=01;35:*.ogv=01;35:*.ogx=01;35:*.aac=00;36:*.au=00;36:*.flac=00;36:*.m4a=00;36:*.mid=00;36:*.midi=00;36:*.mka=00;36:*.mp3=00;36:*.mpc=00;36:*.ogg=00;36:*.ra=00;36:*.wav=00;36:*.oga=00;36:*.opus=00;36:*.spx=00;36:*.xspf=00;36:'), ('SSH_AGENT_LAUNCHER', 'gnome-keyring'), ('SSH_AUTH_SOCK', '/run/user/1000/keyring/ssh'), ('AMENT_PREFIX_PATH', '/home/fog/ros2_ws/install/my_py_pkg:/opt/ros/humble'), ('SHELL', '/bin/bash'), ('LC_NAME', 'zh_CN.UTF-8'), ('TERMINATOR_UUID', 'urn:uuid:b1e59339-5e4a-4026-ac48-db5733326a56'), ('QT_ACCESSIBILITY', '1'), ('GDMSESSION', 'ubuntu'), ('LESSCLOSE', '/usr/bin/lesspipe %s %s'), ('LC_MEASUREMENT', 'zh_CN.UTF-8'), ('GAZEBO_RESOURCE_PATH', '/usr/share/gazebo/../../share/gazebo-11:'), ('GJS_DEBUG_OUTPUT', 'stderr'), ('LC_IDENTIFICATION', 'zh_CN.UTF-8'), ('GAZEBO_MODEL_DATABASE_URI', 'http://models.gazebosim.org'), ('QT_IM_MODULE', 'ibus'), ('PWD', '/home/fog/ros2_ws/build/my_robot_bringup'), ('QT_QPA_PLATFORM', 'xcb'), ('TURTLEBOT3_MODEL', 'burger'), ('XDG_CONFIG_DIRS', '/etc/xdg/xdg-ubuntu:/etc/xdg'), ('GAZEBO_PLUGIN_PATH', '/usr/share/gazebo/../../lib/x86_64-linux-gnu/gazebo-11/plugins:'), ('XDG_DATA_DIRS', '/usr/share/ubuntu:/usr/local/share/:/usr/share/:/var/lib/snapd/desktop'), ('PYTHONPATH', '/home/fog/ros2_ws/install/my_py_pkg/lib/python3.10/site-packages:/opt/ros/humble/lib/python3.10/site-packages:/opt/ros/humble/local/lib/python3.10/dist-packages'), ('LC_NUMERIC', 'zh_CN.UTF-8'), ('LC_PAPER', 'zh_CN.UTF-8'), ('COLCON', '1'), ('VTE_VERSION', '6800'), ('CMAKE_PREFIX_PATH', '/opt/ros/humble')]), 'shell': False}
[1.643571] (my_robot_bringup) StdoutLine: {'line': b'-- Found ament_cmake: 1.3.14 (/opt/ros/humble/share/ament_cmake/cmake)\n'}
[1.704879] (-) TimerEvent: {}
[1.799158] (my_robot_bringup) StdoutLine: {'line': b'-- Override CMake install command with custom implementation using symlinks instead of copying resources\n'}
[1.805071] (-) TimerEvent: {}
[1.863671] (turtlesim_catch_sim) StdoutLine: {'line': b'running develop\n'}
[1.905537] (-) TimerEvent: {}
[1.909847] (my_robot_bringup) StdoutLine: {'line': b'-- Configuring done\n'}
[1.918213] (my_robot_bringup) StdoutLine: {'line': b'-- Generating done\n'}
[1.920911] (my_robot_bringup) StdoutLine: {'line': b'-- Build files have been written to: /home/fog/ros2_ws/build/my_robot_bringup\n'}
[1.923840] (my_robot_bringup) CommandEnded: {'returncode': 0}
[1.924265] (my_robot_bringup) JobProgress: {'identifier': 'my_robot_bringup', 'progress': 'build'}
[1.924572] (my_robot_bringup) Command: {'cmd': ['/usr/bin/cmake', '--build', '/home/fog/ros2_ws/build/my_robot_bringup', '--', '-j16', '-l16'], 'cwd': '/home/fog/ros2_ws/build/my_robot_bringup', 'env': OrderedDict([('GJS_DEBUG_TOPICS', 'JS ERROR;JS LOG'), ('LESSOPEN', '| /usr/bin/lesspipe %s'), ('LANGUAGE', 'zh_CN:en'), ('USER', 'fog'), ('LC_TIME', 'zh_CN.UTF-8'), ('XDG_SESSION_TYPE', 'x11'), ('SHLVL', '1'), ('LD_LIBRARY_PATH', '/usr/lib/x86_64-linux-gnu/gazebo-11/plugins:/opt/ros/humble/opt/rviz_ogre_vendor/lib:/opt/ros/humble/lib/x86_64-linux-gnu:/opt/ros/humble/lib:/usr/share/gazebo/../../lib/x86_64-linux-gnu/gazebo-11/plugins:'), ('HOME', '/home/fog'), ('OLDPWD', '/home/fog'), ('DESKTOP_SESSION', 'ubuntu'), ('GIO_LAUNCHED_DESKTOP_FILE', '/usr/share/applications/terminator.desktop'), ('GAZEBO_MASTER_URI', 'http://localhost:11345'), ('ROS_PYTHON_VERSION', '3'), ('GNOME_SHELL_SESSION_MODE', 'ubuntu'), ('GTK_MODULES', 'gail:atk-bridge'), ('LC_MONETARY', 'zh_CN.UTF-8'), ('MANAGERPID', '1258'), ('SYSTEMD_EXEC_PID', '1404'), ('DBUS_SESSION_BUS_ADDRESS', 'unix:path=/run/user/1000/bus'), ('COLORTERM', 'truecolor'), ('TERMINATOR_DBUS_NAME', 'net.tenshu.Terminator25ef4b219e3b005583550f2b0f9f990c3'), ('GIO_LAUNCHED_DESKTOP_FILE_PID', '50755'), ('IM_CONFIG_PHASE', '1'), ('WAYLAND_DISPLAY', 'wayland-0'), ('ROS_DISTRO', 'humble'), ('LOGNAME', 'fog'), ('JOURNAL_STREAM', '8:23341'), ('_', '/usr/bin/colcon'), ('ROS_VERSION', '2'), ('XDG_SESSION_CLASS', 'user'), ('USERNAME', 'fog'), ('TERM', 'xterm-256color'), ('GAZEBO_MODEL_PATH', '/usr/share/gazebo/../../share/gazebo-11/models::/opt/ros/humble/share/turtlebot3_gazebo/models'), ('GNOME_DESKTOP_SESSION_ID', 'this-is-deprecated'), ('ROS_LOCALHOST_ONLY', '0'), ('OGRE_RESOURCE_PATH', '/usr/lib/x86_64-linux-gnu/OGRE-1.9.0'), ('PATH', '/opt/ros/humble/bin:/usr/local/sbin:/usr/local/bin:/usr/sbin:/usr/bin:/sbin:/bin:/usr/games:/usr/local/games:/snap/bin:/snap/bin'), ('SESSION_MANAGER', 'local/fog:@/tmp/.ICE-unix/1371,unix/fog:/tmp/.ICE-unix/1371'), ('INVOCATION_ID', '304372798fba4ccabd80b8e4596a5595'), ('PAPERSIZE', 'a4'), ('XDG_MENU_PREFIX', 'gnome-'), ('LC_ADDRESS', 'zh_CN.UTF-8'), ('GNOME_SETUP_DISPLAY', ':1'), ('XDG_RUNTIME_DIR', '/run/user/1000'), ('DISPLAY', ':0'), ('TERMINATOR_DBUS_PATH', '/net/tenshu/Terminator2'), ('LANG', 'zh_CN.UTF-8'), ('XDG_CURRENT_DESKTOP', 'ubuntu:GNOME'), ('IBUS_DISABLE_SNOOPER', '1'), ('LC_TELEPHONE', 'zh_CN.UTF-8'), ('XMODIFIERS', '@im=ibus'), ('XDG_SESSION_DESKTOP', 'ubuntu'), ('XAUTHORITY', '/run/user/1000/.mutter-Xwaylandauth.A0F5N3'), ('LS_COLORS', 'rs=0:di=01;34:ln=01;36:mh=00:pi=40;33:so=01;35:do=01;35:bd=40;33;01:cd=40;33;01:or=40;31;01:mi=00:su=37;41:sg=30;43:ca=30;41:tw=30;42:ow=34;42:st=37;44:ex=01;32:*.tar=01;31:*.tgz=01;31:*.arc=01;31:*.arj=01;31:*.taz=01;31:*.lha=01;31:*.lz4=01;31:*.lzh=01;31:*.lzma=01;31:*.tlz=01;31:*.txz=01;31:*.tzo=01;31:*.t7z=01;31:*.zip=01;31:*.z=01;31:*.dz=01;31:*.gz=01;31:*.lrz=01;31:*.lz=01;31:*.lzo=01;31:*.xz=01;31:*.zst=01;31:*.tzst=01;31:*.bz2=01;31:*.bz=01;31:*.tbz=01;31:*.tbz2=01;31:*.tz=01;31:*.deb=01;31:*.rpm=01;31:*.jar=01;31:*.war=01;31:*.ear=01;31:*.sar=01;31:*.rar=01;31:*.alz=01;31:*.ace=01;31:*.zoo=01;31:*.cpio=01;31:*.7z=01;31:*.rz=01;31:*.cab=01;31:*.wim=01;31:*.swm=01;31:*.dwm=01;31:*.esd=01;31:*.jpg=01;35:*.jpeg=01;35:*.mjpg=01;35:*.mjpeg=01;35:*.gif=01;35:*.bmp=01;35:*.pbm=01;35:*.pgm=01;35:*.ppm=01;35:*.tga=01;35:*.xbm=01;35:*.xpm=01;35:*.tif=01;35:*.tiff=01;35:*.png=01;35:*.svg=01;35:*.svgz=01;35:*.mng=01;35:*.pcx=01;35:*.mov=01;35:*.mpg=01;35:*.mpeg=01;35:*.m2v=01;35:*.mkv=01;35:*.webm=01;35:*.webp=01;35:*.ogm=01;35:*.mp4=01;35:*.m4v=01;35:*.mp4v=01;35:*.vob=01;35:*.qt=01;35:*.nuv=01;35:*.wmv=01;35:*.asf=01;35:*.rm=01;35:*.rmvb=01;35:*.flc=01;35:*.avi=01;35:*.fli=01;35:*.flv=01;35:*.gl=01;35:*.dl=01;35:*.xcf=01;35:*.xwd=01;35:*.yuv=01;35:*.cgm=01;35:*.emf=01;35:*.ogv=01;35:*.ogx=01;35:*.aac=00;36:*.au=00;36:*.flac=00;36:*.m4a=00;36:*.mid=00;36:*.midi=00;36:*.mka=00;36:*.mp3=00;36:*.mpc=00;36:*.ogg=00;36:*.ra=00;36:*.wav=00;36:*.oga=00;36:*.opus=00;36:*.spx=00;36:*.xspf=00;36:'), ('SSH_AGENT_LAUNCHER', 'gnome-keyring'), ('SSH_AUTH_SOCK', '/run/user/1000/keyring/ssh'), ('AMENT_PREFIX_PATH', '/home/fog/ros2_ws/install/my_py_pkg:/opt/ros/humble'), ('SHELL', '/bin/bash'), ('LC_NAME', 'zh_CN.UTF-8'), ('TERMINATOR_UUID', 'urn:uuid:b1e59339-5e4a-4026-ac48-db5733326a56'), ('QT_ACCESSIBILITY', '1'), ('GDMSESSION', 'ubuntu'), ('LESSCLOSE', '/usr/bin/lesspipe %s %s'), ('LC_MEASUREMENT', 'zh_CN.UTF-8'), ('GAZEBO_RESOURCE_PATH', '/usr/share/gazebo/../../share/gazebo-11:'), ('GJS_DEBUG_OUTPUT', 'stderr'), ('LC_IDENTIFICATION', 'zh_CN.UTF-8'), ('GAZEBO_MODEL_DATABASE_URI', 'http://models.gazebosim.org'), ('QT_IM_MODULE', 'ibus'), ('PWD', '/home/fog/ros2_ws/build/my_robot_bringup'), ('QT_QPA_PLATFORM', 'xcb'), ('TURTLEBOT3_MODEL', 'burger'), ('XDG_CONFIG_DIRS', '/etc/xdg/xdg-ubuntu:/etc/xdg'), ('GAZEBO_PLUGIN_PATH', '/usr/share/gazebo/../../lib/x86_64-linux-gnu/gazebo-11/plugins:'), ('XDG_DATA_DIRS', '/usr/share/ubuntu:/usr/local/share/:/usr/share/:/var/lib/snapd/desktop'), ('PYTHONPATH', '/home/fog/ros2_ws/install/my_py_pkg/lib/python3.10/site-packages:/opt/ros/humble/lib/python3.10/site-packages:/opt/ros/humble/local/lib/python3.10/dist-packages'), ('LC_NUMERIC', 'zh_CN.UTF-8'), ('LC_PAPER', 'zh_CN.UTF-8'), ('COLCON', '1'), ('VTE_VERSION', '6800'), ('CMAKE_PREFIX_PATH', '/opt/ros/humble')]), 'shell': False}
[1.977415] (my_robot_bringup) CommandEnded: {'returncode': 0}
[1.978911] (my_robot_bringup) JobProgress: {'identifier': 'my_robot_bringup', 'progress': 'install'}
[1.980107] (my_robot_bringup) Command: {'cmd': ['/usr/bin/cmake', '--install', '/home/fog/ros2_ws/build/my_robot_bringup'], 'cwd': '/home/fog/ros2_ws/build/my_robot_bringup', 'env': OrderedDict([('GJS_DEBUG_TOPICS', 'JS ERROR;JS LOG'), ('LESSOPEN', '| /usr/bin/lesspipe %s'), ('LANGUAGE', 'zh_CN:en'), ('USER', 'fog'), ('LC_TIME', 'zh_CN.UTF-8'), ('XDG_SESSION_TYPE', 'x11'), ('SHLVL', '1'), ('LD_LIBRARY_PATH', '/usr/lib/x86_64-linux-gnu/gazebo-11/plugins:/opt/ros/humble/opt/rviz_ogre_vendor/lib:/opt/ros/humble/lib/x86_64-linux-gnu:/opt/ros/humble/lib:/usr/share/gazebo/../../lib/x86_64-linux-gnu/gazebo-11/plugins:'), ('HOME', '/home/fog'), ('OLDPWD', '/home/fog'), ('DESKTOP_SESSION', 'ubuntu'), ('GIO_LAUNCHED_DESKTOP_FILE', '/usr/share/applications/terminator.desktop'), ('GAZEBO_MASTER_URI', 'http://localhost:11345'), ('ROS_PYTHON_VERSION', '3'), ('GNOME_SHELL_SESSION_MODE', 'ubuntu'), ('GTK_MODULES', 'gail:atk-bridge'), ('LC_MONETARY', 'zh_CN.UTF-8'), ('MANAGERPID', '1258'), ('SYSTEMD_EXEC_PID', '1404'), ('DBUS_SESSION_BUS_ADDRESS', 'unix:path=/run/user/1000/bus'), ('COLORTERM', 'truecolor'), ('TERMINATOR_DBUS_NAME', 'net.tenshu.Terminator25ef4b219e3b005583550f2b0f9f990c3'), ('GIO_LAUNCHED_DESKTOP_FILE_PID', '50755'), ('IM_CONFIG_PHASE', '1'), ('WAYLAND_DISPLAY', 'wayland-0'), ('ROS_DISTRO', 'humble'), ('LOGNAME', 'fog'), ('JOURNAL_STREAM', '8:23341'), ('_', '/usr/bin/colcon'), ('ROS_VERSION', '2'), ('XDG_SESSION_CLASS', 'user'), ('USERNAME', 'fog'), ('TERM', 'xterm-256color'), ('GAZEBO_MODEL_PATH', '/usr/share/gazebo/../../share/gazebo-11/models::/opt/ros/humble/share/turtlebot3_gazebo/models'), ('GNOME_DESKTOP_SESSION_ID', 'this-is-deprecated'), ('ROS_LOCALHOST_ONLY', '0'), ('OGRE_RESOURCE_PATH', '/usr/lib/x86_64-linux-gnu/OGRE-1.9.0'), ('PATH', '/opt/ros/humble/bin:/usr/local/sbin:/usr/local/bin:/usr/sbin:/usr/bin:/sbin:/bin:/usr/games:/usr/local/games:/snap/bin:/snap/bin'), ('SESSION_MANAGER', 'local/fog:@/tmp/.ICE-unix/1371,unix/fog:/tmp/.ICE-unix/1371'), ('INVOCATION_ID', '304372798fba4ccabd80b8e4596a5595'), ('PAPERSIZE', 'a4'), ('XDG_MENU_PREFIX', 'gnome-'), ('LC_ADDRESS', 'zh_CN.UTF-8'), ('GNOME_SETUP_DISPLAY', ':1'), ('XDG_RUNTIME_DIR', '/run/user/1000'), ('DISPLAY', ':0'), ('TERMINATOR_DBUS_PATH', '/net/tenshu/Terminator2'), ('LANG', 'zh_CN.UTF-8'), ('XDG_CURRENT_DESKTOP', 'ubuntu:GNOME'), ('IBUS_DISABLE_SNOOPER', '1'), ('LC_TELEPHONE', 'zh_CN.UTF-8'), ('XMODIFIERS', '@im=ibus'), ('XDG_SESSION_DESKTOP', 'ubuntu'), ('XAUTHORITY', '/run/user/1000/.mutter-Xwaylandauth.A0F5N3'), ('LS_COLORS', 'rs=0:di=01;34:ln=01;36:mh=00:pi=40;33:so=01;35:do=01;35:bd=40;33;01:cd=40;33;01:or=40;31;01:mi=00:su=37;41:sg=30;43:ca=30;41:tw=30;42:ow=34;42:st=37;44:ex=01;32:*.tar=01;31:*.tgz=01;31:*.arc=01;31:*.arj=01;31:*.taz=01;31:*.lha=01;31:*.lz4=01;31:*.lzh=01;31:*.lzma=01;31:*.tlz=01;31:*.txz=01;31:*.tzo=01;31:*.t7z=01;31:*.zip=01;31:*.z=01;31:*.dz=01;31:*.gz=01;31:*.lrz=01;31:*.lz=01;31:*.lzo=01;31:*.xz=01;31:*.zst=01;31:*.tzst=01;31:*.bz2=01;31:*.bz=01;31:*.tbz=01;31:*.tbz2=01;31:*.tz=01;31:*.deb=01;31:*.rpm=01;31:*.jar=01;31:*.war=01;31:*.ear=01;31:*.sar=01;31:*.rar=01;31:*.alz=01;31:*.ace=01;31:*.zoo=01;31:*.cpio=01;31:*.7z=01;31:*.rz=01;31:*.cab=01;31:*.wim=01;31:*.swm=01;31:*.dwm=01;31:*.esd=01;31:*.jpg=01;35:*.jpeg=01;35:*.mjpg=01;35:*.mjpeg=01;35:*.gif=01;35:*.bmp=01;35:*.pbm=01;35:*.pgm=01;35:*.ppm=01;35:*.tga=01;35:*.xbm=01;35:*.xpm=01;35:*.tif=01;35:*.tiff=01;35:*.png=01;35:*.svg=01;35:*.svgz=01;35:*.mng=01;35:*.pcx=01;35:*.mov=01;35:*.mpg=01;35:*.mpeg=01;35:*.m2v=01;35:*.mkv=01;35:*.webm=01;35:*.webp=01;35:*.ogm=01;35:*.mp4=01;35:*.m4v=01;35:*.mp4v=01;35:*.vob=01;35:*.qt=01;35:*.nuv=01;35:*.wmv=01;35:*.asf=01;35:*.rm=01;35:*.rmvb=01;35:*.flc=01;35:*.avi=01;35:*.fli=01;35:*.flv=01;35:*.gl=01;35:*.dl=01;35:*.xcf=01;35:*.xwd=01;35:*.yuv=01;35:*.cgm=01;35:*.emf=01;35:*.ogv=01;35:*.ogx=01;35:*.aac=00;36:*.au=00;36:*.flac=00;36:*.m4a=00;36:*.mid=00;36:*.midi=00;36:*.mka=00;36:*.mp3=00;36:*.mpc=00;36:*.ogg=00;36:*.ra=00;36:*.wav=00;36:*.oga=00;36:*.opus=00;36:*.spx=00;36:*.xspf=00;36:'), ('SSH_AGENT_LAUNCHER', 'gnome-keyring'), ('SSH_AUTH_SOCK', '/run/user/1000/keyring/ssh'), ('AMENT_PREFIX_PATH', '/home/fog/ros2_ws/install/my_py_pkg:/opt/ros/humble'), ('SHELL', '/bin/bash'), ('LC_NAME', 'zh_CN.UTF-8'), ('TERMINATOR_UUID', 'urn:uuid:b1e59339-5e4a-4026-ac48-db5733326a56'), ('QT_ACCESSIBILITY', '1'), ('GDMSESSION', 'ubuntu'), ('LESSCLOSE', '/usr/bin/lesspipe %s %s'), ('LC_MEASUREMENT', 'zh_CN.UTF-8'), ('GAZEBO_RESOURCE_PATH', '/usr/share/gazebo/../../share/gazebo-11:'), ('GJS_DEBUG_OUTPUT', 'stderr'), ('LC_IDENTIFICATION', 'zh_CN.UTF-8'), ('GAZEBO_MODEL_DATABASE_URI', 'http://models.gazebosim.org'), ('QT_IM_MODULE', 'ibus'), ('PWD', '/home/fog/ros2_ws/build/my_robot_bringup'), ('QT_QPA_PLATFORM', 'xcb'), ('TURTLEBOT3_MODEL', 'burger'), ('XDG_CONFIG_DIRS', '/etc/xdg/xdg-ubuntu:/etc/xdg'), ('GAZEBO_PLUGIN_PATH', '/usr/share/gazebo/../../lib/x86_64-linux-gnu/gazebo-11/plugins:'), ('XDG_DATA_DIRS', '/usr/share/ubuntu:/usr/local/share/:/usr/share/:/var/lib/snapd/desktop'), ('PYTHONPATH', '/home/fog/ros2_ws/install/my_py_pkg/lib/python3.10/site-packages:/opt/ros/humble/lib/python3.10/site-packages:/opt/ros/humble/local/lib/python3.10/dist-packages'), ('LC_NUMERIC', 'zh_CN.UTF-8'), ('LC_PAPER', 'zh_CN.UTF-8'), ('COLCON', '1'), ('VTE_VERSION', '6800'), ('CMAKE_PREFIX_PATH', '/opt/ros/humble')]), 'shell': False}
[1.990043] (my_robot_bringup) StdoutLine: {'line': b'-- Install configuration: ""\n'}
[1.990574] (my_robot_bringup) StdoutLine: {'line': b'-- Execute custom install script\n'}
[1.991931] (my_robot_bringup) StdoutLine: {'line': b'-- Up-to-date symlink: /home/fog/ros2_ws/install/my_robot_bringup/share/my_robot_bringup//launch/number_app.launch.py\n'}
[1.992588] (my_robot_bringup) StdoutLine: {'line': b'-- Up-to-date symlink: /home/fog/ros2_ws/install/my_robot_bringup/share/my_robot_bringup//launch/number_app.launch.xml\n'}
[1.993335] (my_robot_bringup) StdoutLine: {'line': b'-- Up-to-date symlink: /home/fog/ros2_ws/install/my_robot_bringup/share/my_robot_bringup//launch/number_app_from_py.launch.xml\n'}
[1.993763] (my_robot_bringup) StdoutLine: {'line': b'-- Up-to-date symlink: /home/fog/ros2_ws/install/my_robot_bringup/share/my_robot_bringup//config/number_app.yaml\n'}
[1.994397] (my_robot_bringup) StdoutLine: {'line': b'-- Up-to-date symlink: /home/fog/ros2_ws/install/my_robot_bringup/share/ament_index/resource_index/package_run_dependencies/my_robot_bringup\n'}
[1.995254] (my_robot_bringup) StdoutLine: {'line': b'-- Up-to-date symlink: /home/fog/ros2_ws/install/my_robot_bringup/share/ament_index/resource_index/parent_prefix_path/my_robot_bringup\n'}
[1.996459] (my_robot_bringup) StdoutLine: {'line': b'-- Up-to-date symlink: /home/fog/ros2_ws/install/my_robot_bringup/share/my_robot_bringup/environment/ament_prefix_path.sh\n'}
[1.996564] (my_robot_bringup) StdoutLine: {'line': b'-- Up-to-date symlink: /home/fog/ros2_ws/install/my_robot_bringup/share/my_robot_bringup/environment/ament_prefix_path.dsv\n'}
[1.997411] (my_robot_bringup) StdoutLine: {'line': b'-- Up-to-date symlink: /home/fog/ros2_ws/install/my_robot_bringup/share/my_robot_bringup/environment/path.sh\n'}
[1.997658] (my_robot_bringup) StdoutLine: {'line': b'-- Up-to-date symlink: /home/fog/ros2_ws/install/my_robot_bringup/share/my_robot_bringup/environment/path.dsv\n'}
[1.998201] (my_robot_bringup) StdoutLine: {'line': b'-- Up-to-date symlink: /home/fog/ros2_ws/install/my_robot_bringup/share/my_robot_bringup/local_setup.bash\n'}
[1.999085] (my_robot_bringup) StdoutLine: {'line': b'-- Up-to-date symlink: /home/fog/ros2_ws/install/my_robot_bringup/share/my_robot_bringup/local_setup.sh\n'}
[1.999547] (my_robot_bringup) StdoutLine: {'line': b'-- Up-to-date symlink: /home/fog/ros2_ws/install/my_robot_bringup/share/my_robot_bringup/local_setup.zsh\n'}
[2.000171] (my_robot_bringup) StdoutLine: {'line': b'-- Up-to-date symlink: /home/fog/ros2_ws/install/my_robot_bringup/share/my_robot_bringup/local_setup.dsv\n'}
[2.000244] (my_robot_bringup) StdoutLine: {'line': b'-- Symlinking: /home/fog/ros2_ws/install/my_robot_bringup/share/my_robot_bringup/package.dsv\n'}
[2.005720] (-) TimerEvent: {}
[2.012522] (my_robot_bringup) StdoutLine: {'line': b'-- Up-to-date symlink: /home/fog/ros2_ws/install/my_robot_bringup/share/ament_index/resource_index/packages/my_robot_bringup\n'}
[2.012968] (my_robot_bringup) StdoutLine: {'line': b'-- Up-to-date symlink: /home/fog/ros2_ws/install/my_robot_bringup/share/my_robot_bringup/cmake/my_robot_bringupConfig.cmake\n'}
[2.013540] (my_robot_bringup) StdoutLine: {'line': b'-- Up-to-date symlink: /home/fog/ros2_ws/install/my_robot_bringup/share/my_robot_bringup/cmake/my_robot_bringupConfig-version.cmake\n'}
[2.013815] (my_robot_bringup) StdoutLine: {'line': b'-- Up-to-date symlink: /home/fog/ros2_ws/install/my_robot_bringup/share/my_robot_bringup/package.xml\n'}
[2.016227] (my_robot_bringup) CommandEnded: {'returncode': 0}
[2.025618] (turtlesim_catch_sim) StdoutLine: {'line': b'Removing /home/fog/ros2_ws/install/turtlesim_catch_sim/lib/python3.10/site-packages/turtlesim-catch-sim.egg-link (link to .)\n'}
[2.032560] (my_robot_bringup) JobEnded: {'identifier': 'my_robot_bringup', 'rc': 0}
[2.048192] (turtlesim_catch_sim) CommandEnded: {'returncode': 0}
[2.050263] (turtlesim_catch_sim) Command: {'cmd': ['/usr/bin/python3', '-W', 'ignore:setup.py install is deprecated', '-W', 'ignore:easy_install command is deprecated', 'setup.py', 'egg_info', '--egg-base', '../../build/turtlesim_catch_sim', 'build', '--build-base', '/home/fog/ros2_ws/build/turtlesim_catch_sim/build', 'install', '--record', '/home/fog/ros2_ws/build/turtlesim_catch_sim/install.log', '--single-version-externally-managed', 'install_data', '--force'], 'cwd': '/home/fog/ros2_ws/src/turtlesim_catch_sim', 'env': {'GJS_DEBUG_TOPICS': 'JS ERROR;JS LOG', 'LESSOPEN': '| /usr/bin/lesspipe %s', 'LANGUAGE': 'zh_CN:en', 'USER': 'fog', 'LC_TIME': 'zh_CN.UTF-8', 'XDG_SESSION_TYPE': 'x11', 'SHLVL': '1', 'LD_LIBRARY_PATH': '/home/fog/ros2_ws/install/my_robot_interfaces/lib:/usr/lib/x86_64-linux-gnu/gazebo-11/plugins:/opt/ros/humble/opt/rviz_ogre_vendor/lib:/opt/ros/humble/lib/x86_64-linux-gnu:/opt/ros/humble/lib:/usr/share/gazebo/../../lib/x86_64-linux-gnu/gazebo-11/plugins', 'HOME': '/home/fog', 'OLDPWD': '/home/fog', 'DESKTOP_SESSION': 'ubuntu', 'GIO_LAUNCHED_DESKTOP_FILE': '/usr/share/applications/terminator.desktop', 'GAZEBO_MASTER_URI': 'http://localhost:11345', 'ROS_PYTHON_VERSION': '3', 'GNOME_SHELL_SESSION_MODE': 'ubuntu', 'GTK_MODULES': 'gail:atk-bridge', 'LC_MONETARY': 'zh_CN.UTF-8', 'MANAGERPID': '1258', 'SYSTEMD_EXEC_PID': '1404', 'DBUS_SESSION_BUS_ADDRESS': 'unix:path=/run/user/1000/bus', 'COLORTERM': 'truecolor', 'TERMINATOR_DBUS_NAME': 'net.tenshu.Terminator25ef4b219e3b005583550f2b0f9f990c3', 'GIO_LAUNCHED_DESKTOP_FILE_PID': '50755', 'IM_CONFIG_PHASE': '1', 'WAYLAND_DISPLAY': 'wayland-0', 'ROS_DISTRO': 'humble', 'LOGNAME': 'fog', 'JOURNAL_STREAM': '8:23341', '_': '/usr/bin/colcon', 'ROS_VERSION': '2', 'XDG_SESSION_CLASS': 'user', 'USERNAME': 'fog', 'TERM': 'xterm-256color', 'GAZEBO_MODEL_PATH': '/usr/share/gazebo/../../share/gazebo-11/models::/opt/ros/humble/share/turtlebot3_gazebo/models', 'GNOME_DESKTOP_SESSION_ID': 'this-is-deprecated', 'ROS_LOCALHOST_ONLY': '0', 'OGRE_RESOURCE_PATH': '/usr/lib/x86_64-linux-gnu/OGRE-1.9.0', 'PATH': '/opt/ros/humble/bin:/usr/local/sbin:/usr/local/bin:/usr/sbin:/usr/bin:/sbin:/bin:/usr/games:/usr/local/games:/snap/bin:/snap/bin', 'SESSION_MANAGER': 'local/fog:@/tmp/.ICE-unix/1371,unix/fog:/tmp/.ICE-unix/1371', 'INVOCATION_ID': '304372798fba4ccabd80b8e4596a5595', 'PAPERSIZE': 'a4', 'XDG_MENU_PREFIX': 'gnome-', 'LC_ADDRESS': 'zh_CN.UTF-8', 'GNOME_SETUP_DISPLAY': ':1', 'XDG_RUNTIME_DIR': '/run/user/1000', 'DISPLAY': ':0', 'TERMINATOR_DBUS_PATH': '/net/tenshu/Terminator2', 'LANG': 'zh_CN.UTF-8', 'XDG_CURRENT_DESKTOP': 'ubuntu:GNOME', 'IBUS_DISABLE_SNOOPER': '1', 'LC_TELEPHONE': 'zh_CN.UTF-8', 'XMODIFIERS': '@im=ibus', 'XDG_SESSION_DESKTOP': 'ubuntu', 'XAUTHORITY': '/run/user/1000/.mutter-Xwaylandauth.A0F5N3', 'LS_COLORS': 'rs=0:di=01;34:ln=01;36:mh=00:pi=40;33:so=01;35:do=01;35:bd=40;33;01:cd=40;33;01:or=40;31;01:mi=00:su=37;41:sg=30;43:ca=30;41:tw=30;42:ow=34;42:st=37;44:ex=01;32:*.tar=01;31:*.tgz=01;31:*.arc=01;31:*.arj=01;31:*.taz=01;31:*.lha=01;31:*.lz4=01;31:*.lzh=01;31:*.lzma=01;31:*.tlz=01;31:*.txz=01;31:*.tzo=01;31:*.t7z=01;31:*.zip=01;31:*.z=01;31:*.dz=01;31:*.gz=01;31:*.lrz=01;31:*.lz=01;31:*.lzo=01;31:*.xz=01;31:*.zst=01;31:*.tzst=01;31:*.bz2=01;31:*.bz=01;31:*.tbz=01;31:*.tbz2=01;31:*.tz=01;31:*.deb=01;31:*.rpm=01;31:*.jar=01;31:*.war=01;31:*.ear=01;31:*.sar=01;31:*.rar=01;31:*.alz=01;31:*.ace=01;31:*.zoo=01;31:*.cpio=01;31:*.7z=01;31:*.rz=01;31:*.cab=01;31:*.wim=01;31:*.swm=01;31:*.dwm=01;31:*.esd=01;31:*.jpg=01;35:*.jpeg=01;35:*.mjpg=01;35:*.mjpeg=01;35:*.gif=01;35:*.bmp=01;35:*.pbm=01;35:*.pgm=01;35:*.ppm=01;35:*.tga=01;35:*.xbm=01;35:*.xpm=01;35:*.tif=01;35:*.tiff=01;35:*.png=01;35:*.svg=01;35:*.svgz=01;35:*.mng=01;35:*.pcx=01;35:*.mov=01;35:*.mpg=01;35:*.mpeg=01;35:*.m2v=01;35:*.mkv=01;35:*.webm=01;35:*.webp=01;35:*.ogm=01;35:*.mp4=01;35:*.m4v=01;35:*.mp4v=01;35:*.vob=01;35:*.qt=01;35:*.nuv=01;35:*.wmv=01;35:*.asf=01;35:*.rm=01;35:*.rmvb=01;35:*.flc=01;35:*.avi=01;35:*.fli=01;35:*.flv=01;35:*.gl=01;35:*.dl=01;35:*.xcf=01;35:*.xwd=01;35:*.yuv=01;35:*.cgm=01;35:*.emf=01;35:*.ogv=01;35:*.ogx=01;35:*.aac=00;36:*.au=00;36:*.flac=00;36:*.m4a=00;36:*.mid=00;36:*.midi=00;36:*.mka=00;36:*.mp3=00;36:*.mpc=00;36:*.ogg=00;36:*.ra=00;36:*.wav=00;36:*.oga=00;36:*.opus=00;36:*.spx=00;36:*.xspf=00;36:', 'SSH_AGENT_LAUNCHER': 'gnome-keyring', 'SSH_AUTH_SOCK': '/run/user/1000/keyring/ssh', 'AMENT_PREFIX_PATH': '/home/fog/ros2_ws/install/my_robot_interfaces:/opt/ros/humble', 'SHELL': '/bin/bash', 'LC_NAME': 'zh_CN.UTF-8', 'TERMINATOR_UUID': 'urn:uuid:b1e59339-5e4a-4026-ac48-db5733326a56', 'QT_ACCESSIBILITY': '1', 'GDMSESSION': 'ubuntu', 'LESSCLOSE': '/usr/bin/lesspipe %s %s', 'LC_MEASUREMENT': 'zh_CN.UTF-8', 'GAZEBO_RESOURCE_PATH': '/usr/share/gazebo/../../share/gazebo-11:', 'GJS_DEBUG_OUTPUT': 'stderr', 'LC_IDENTIFICATION': 'zh_CN.UTF-8', 'GAZEBO_MODEL_DATABASE_URI': 'http://models.gazebosim.org', 'QT_IM_MODULE': 'ibus', 'PWD': '/home/fog/ros2_ws/build/turtlesim_catch_sim', 'QT_QPA_PLATFORM': 'xcb', 'TURTLEBOT3_MODEL': 'burger', 'XDG_CONFIG_DIRS': '/etc/xdg/xdg-ubuntu:/etc/xdg', 'GAZEBO_PLUGIN_PATH': '/usr/share/gazebo/../../lib/x86_64-linux-gnu/gazebo-11/plugins:', 'XDG_DATA_DIRS': '/usr/share/ubuntu:/usr/local/share/:/usr/share/:/var/lib/snapd/desktop', 'PYTHONPATH': '/home/fog/ros2_ws/build/turtlesim_catch_sim/prefix_override:/usr/lib/python3/dist-packages/colcon_core/task/python/colcon_distutils_commands:/home/fog/ros2_ws/install/turtlesim_catch_sim/lib/python3.10/site-packages:/home/fog/ros2_ws/install/my_robot_interfaces/local/lib/python3.10/dist-packages:/opt/ros/humble/lib/python3.10/site-packages:/opt/ros/humble/local/lib/python3.10/dist-packages', 'LC_NUMERIC': 'zh_CN.UTF-8', 'LC_PAPER': 'zh_CN.UTF-8', 'COLCON': '1', 'VTE_VERSION': '6800', 'CMAKE_PREFIX_PATH': '/home/fog/ros2_ws/install/my_robot_interfaces'}, 'shell': False}
[2.106073] (-) TimerEvent: {}
[2.206477] (-) TimerEvent: {}
[2.288080] (turtlesim_catch_sim) StdoutLine: {'line': b'running egg_info\n'}
[2.288516] (turtlesim_catch_sim) StdoutLine: {'line': b'writing ../../build/turtlesim_catch_sim/turtlesim_catch_sim.egg-info/PKG-INFO\n'}
[2.288875] (turtlesim_catch_sim) StdoutLine: {'line': b'writing dependency_links to ../../build/turtlesim_catch_sim/turtlesim_catch_sim.egg-info/dependency_links.txt\n'}
[2.289228] (turtlesim_catch_sim) StdoutLine: {'line': b'writing entry points to ../../build/turtlesim_catch_sim/turtlesim_catch_sim.egg-info/entry_points.txt\n'}
[2.289326] (turtlesim_catch_sim) StdoutLine: {'line': b'writing requirements to ../../build/turtlesim_catch_sim/turtlesim_catch_sim.egg-info/requires.txt\n'}
[2.289567] (turtlesim_catch_sim) StdoutLine: {'line': b'writing top-level names to ../../build/turtlesim_catch_sim/turtlesim_catch_sim.egg-info/top_level.txt\n'}
[2.291321] (turtlesim_catch_sim) StdoutLine: {'line': b"reading manifest file '../../build/turtlesim_catch_sim/turtlesim_catch_sim.egg-info/SOURCES.txt'\n"}
[2.292516] (turtlesim_catch_sim) StdoutLine: {'line': b"writing manifest file '../../build/turtlesim_catch_sim/turtlesim_catch_sim.egg-info/SOURCES.txt'\n"}
[2.292665] (turtlesim_catch_sim) StdoutLine: {'line': b'running build\n'}
[2.292745] (turtlesim_catch_sim) StdoutLine: {'line': b'running build_py\n'}
[2.293025] (turtlesim_catch_sim) StdoutLine: {'line': b'creating /home/fog/ros2_ws/build/turtlesim_catch_sim/build\n'}
[2.293114] (turtlesim_catch_sim) StdoutLine: {'line': b'creating /home/fog/ros2_ws/build/turtlesim_catch_sim/build/lib\n'}
[2.293170] (turtlesim_catch_sim) StdoutLine: {'line': b'creating /home/fog/ros2_ws/build/turtlesim_catch_sim/build/lib/turtlesim_catch_sim\n'}
[2.293222] (turtlesim_catch_sim) StdoutLine: {'line': b'copying turtlesim_catch_sim/__init__.py -> /home/fog/ros2_ws/build/turtlesim_catch_sim/build/lib/turtlesim_catch_sim\n'}
[2.293274] (turtlesim_catch_sim) StdoutLine: {'line': b'copying turtlesim_catch_sim/turtle_controller.py -> /home/fog/ros2_ws/build/turtlesim_catch_sim/build/lib/turtlesim_catch_sim\n'}
[2.293556] (turtlesim_catch_sim) StdoutLine: {'line': b'copying turtlesim_catch_sim/turtle_spawner.py -> /home/fog/ros2_ws/build/turtlesim_catch_sim/build/lib/turtlesim_catch_sim\n'}
[2.293671] (turtlesim_catch_sim) StdoutLine: {'line': b'running install\n'}
[2.293921] (turtlesim_catch_sim) StdoutLine: {'line': b'running install_lib\n'}
[2.295290] (turtlesim_catch_sim) StdoutLine: {'line': b'creating /home/fog/ros2_ws/install/turtlesim_catch_sim/lib/python3.10/site-packages/turtlesim_catch_sim\n'}
[2.295426] (turtlesim_catch_sim) StdoutLine: {'line': b'copying /home/fog/ros2_ws/build/turtlesim_catch_sim/build/lib/turtlesim_catch_sim/__init__.py -> /home/fog/ros2_ws/install/turtlesim_catch_sim/lib/python3.10/site-packages/turtlesim_catch_sim\n'}
[2.295612] (turtlesim_catch_sim) StdoutLine: {'line': b'copying /home/fog/ros2_ws/build/turtlesim_catch_sim/build/lib/turtlesim_catch_sim/turtle_controller.py -> /home/fog/ros2_ws/install/turtlesim_catch_sim/lib/python3.10/site-packages/turtlesim_catch_sim\n'}
[2.295685] (turtlesim_catch_sim) StdoutLine: {'line': b'copying /home/fog/ros2_ws/build/turtlesim_catch_sim/build/lib/turtlesim_catch_sim/turtle_spawner.py -> /home/fog/ros2_ws/install/turtlesim_catch_sim/lib/python3.10/site-packages/turtlesim_catch_sim\n'}
[2.295940] (turtlesim_catch_sim) StdoutLine: {'line': b'byte-compiling /home/fog/ros2_ws/install/turtlesim_catch_sim/lib/python3.10/site-packages/turtlesim_catch_sim/__init__.py to __init__.cpython-310.pyc\n'}
[2.296182] (turtlesim_catch_sim) StdoutLine: {'line': b'byte-compiling /home/fog/ros2_ws/install/turtlesim_catch_sim/lib/python3.10/site-packages/turtlesim_catch_sim/turtle_controller.py to turtle_controller.cpython-310.pyc\n'}
[2.297152] (turtlesim_catch_sim) StdoutLine: {'line': b'byte-compiling /home/fog/ros2_ws/install/turtlesim_catch_sim/lib/python3.10/site-packages/turtlesim_catch_sim/turtle_spawner.py to turtle_spawner.cpython-310.pyc\n'}
[2.297896] (turtlesim_catch_sim) StdoutLine: {'line': b'running install_data\n'}
[2.297989] (turtlesim_catch_sim) StdoutLine: {'line': b'copying resource/turtlesim_catch_sim -> /home/fog/ros2_ws/install/turtlesim_catch_sim/share/ament_index/resource_index/packages\n'}
[2.299087] (turtlesim_catch_sim) StdoutLine: {'line': b'copying package.xml -> /home/fog/ros2_ws/install/turtlesim_catch_sim/share/turtlesim_catch_sim\n'}
[2.300290] (turtlesim_catch_sim) StdoutLine: {'line': b'running install_egg_info\n'}
[2.301561] (turtlesim_catch_sim) StdoutLine: {'line': b'Copying ../../build/turtlesim_catch_sim/turtlesim_catch_sim.egg-info to /home/fog/ros2_ws/install/turtlesim_catch_sim/lib/python3.10/site-packages/turtlesim_catch_sim-0.0.0-py3.10.egg-info\n'}
[2.302816] (turtlesim_catch_sim) StdoutLine: {'line': b'running install_scripts\n'}
[2.306682] (-) TimerEvent: {}
[2.322362] (turtlesim_catch_sim) StdoutLine: {'line': b'Installing turtle_controller_node script to /home/fog/ros2_ws/install/turtlesim_catch_sim/lib/turtlesim_catch_sim\n'}
[2.322681] (turtlesim_catch_sim) StdoutLine: {'line': b'Installing turtle_spawner_node script to /home/fog/ros2_ws/install/turtlesim_catch_sim/lib/turtlesim_catch_sim\n'}
[2.323375] (turtlesim_catch_sim) StdoutLine: {'line': b"writing list of installed files to '/home/fog/ros2_ws/build/turtlesim_catch_sim/install.log'\n"}
[2.341287] (turtlesim_catch_sim) CommandEnded: {'returncode': 0}
[2.352506] (turtlesim_catch_sim) JobEnded: {'identifier': 'turtlesim_catch_sim', 'rc': 0}
[2.353822] (-) EventReactorShutdown: {}
